latitude,longitude,depth,mag,KMeans_Cluster
-2.2269,120.9062,35.0,4.6,2
2.5098,128.6854,57.7,4.8,2
4.7574,125.1335,295.53,4.6,2
1.1293,97.0599,19.67,4.7,3
1.1055,123.34,49.65,4.7,2
2.4886,126.4484,48.22,5.1,2
-0.1635,122.856,127.77,4.5,2
2.5639,126.7203,35.0,4.5,2
2.8681,127.024,35.0,4.5,2
0.007,123.7942,118.15,5.0,2
3.7369,125.5497,79.99,4.7,2
1.2857,126.0634,51.1,4.5,2
-4.4355,102.0376,55.09,4.6,3
2.648,95.7669,28.21,4.5,3
2.9353,122.9243,490.74,4.9,4
-6.5348,129.879,179.03,4.9,1
-7.1063,130.2845,80.85,4.6,1
3.9786,126.4363,48.45,4.5,2
-3.4703,131.1897,34.71,4.5,1
2.9764,124.3068,348.39,4.5,4
-6.2309,131.2133,122.22,4.5,1
-6.5956,129.8286,168.48,4.6,1
-2.6211,140.0767,36.73,4.7,1
-1.1433,127.4431,50.68,4.8,2
-7.5146,106.6987,49.87,4.7,3
2.5913,96.0946,49.94,5.1,3
-4.6412,139.172,53.88,4.5,1
2.2129,126.0676,19.45,4.5,2
2.0515,126.0761,61.28,4.6,2
4.3153,124.3363,352.26,4.6,4
-5.587,133.9223,20.91,5.6,0
-4.3846,102.1025,49.3,4.6,3
-7.6501,127.9753,138.71,4.5,1
0.1436,119.9664,61.85,5.2,0
-2.9532,129.6334,23.2,4.7,1
-4.762,102.7939,63.5,5.2,3
3.6318,126.6531,51.19,4.6,2
-3.0927,130.1604,48.26,4.5,1
-4.5067,102.7359,67.43,4.6,3
0.4514,125.3455,62.24,4.8,2
-5.7726,131.8634,56.76,5.5,0
2.8942,125.9094,139.21,4.6,2
4.6079,119.7571,11.0,5.5,0
5.8735,127.0504,103.9,5.0,2
-7.9798,117.7024,25.02,4.8,1
-4.6257,139.3339,30.05,4.7,1
2.0608,128.4631,72.98,4.6,2
-5.3762,102.4643,36.51,5.0,3
0.2233,122.5569,159.79,4.7,2
-7.4936,127.9721,154.66,4.7,1
-2.4977,138.9516,24.47,4.5,1
-2.8784,122.4642,38.54,4.6,1
5.7486,125.3759,78.36,5.2,2
-6.685,129.6883,163.47,4.5,1
-8.4072,128.7493,43.98,4.6,1
-8.207,119.6743,193.88,4.8,1
-3.3437,130.9032,35.82,4.8,1
0.9811,119.8593,18.01,4.6,2
-7.2747,129.091,144.52,4.8,1
-3.5232,137.6728,72.99,4.5,1
1.1408,126.4303,35.0,5.3,0
0.5116,126.7087,67.35,4.8,2
-6.4347,130.2451,124.36,4.5,1
-6.3458,104.5039,58.75,4.6,3
1.3368,97.2402,12.58,5.7,0
1.2292,97.1966,10.0,4.9,3
1.6668,127.649,79.49,4.5,2
1.6192,126.3367,44.65,5.1,2
-6.2572,130.7113,132.29,4.7,1
0.2008,128.7267,28.87,4.8,2
-6.8277,127.5523,345.68,5.2,4
-3.8036,101.7768,57.42,4.5,3
1.3669,97.1622,35.42,4.6,3
-9.0748,108.4509,33.49,4.5,3
3.9444,126.039,134.89,4.5,2
2.3978,125.948,53.43,4.6,2
3.9399,95.7867,35.0,4.9,3
-6.1192,105.3624,43.17,5.2,3
-6.1365,112.9857,585.72,4.6,4
-0.1337,124.9932,54.29,5.2,0
-0.308,124.9527,42.71,4.7,2
-7.5204,128.3724,138.78,5.0,1
-7.1397,129.1521,177.35,4.5,1
-8.6095,118.3212,134.42,4.5,1
2.0882,127.4682,75.61,4.7,2
-3.4372,135.6166,42.96,5.2,0
-2.4318,119.3699,37.28,5.6,0
-2.4446,119.4633,48.75,4.5,1
2.7811,124.3414,322.49,4.5,4
1.7135,126.3776,10.0,4.6,2
-2.4503,119.4178,47.38,4.6,1
-6.1915,102.8594,10.0,4.5,3
1.1219,97.9509,35.5,4.7,3
-2.317,100.6742,61.48,4.6,3
-0.1058,123.8874,111.33,4.5,2
-2.6804,138.9515,44.95,4.7,1
1.5733,126.4001,46.17,4.9,2
-6.3243,129.4353,173.99,4.5,1
1.5337,126.443,39.83,4.6,2
-7.218,102.7474,10.0,4.5,3
-7.0102,124.9234,522.32,4.5,4
-4.0507,139.5838,91.71,4.7,1
-2.1415,139.7737,10.0,4.5,1
-0.579,123.8097,87.16,4.8,2
1.3087,97.1361,31.88,4.6,3
-7.2446,117.48,567.93,4.5,4
-0.3743,132.0983,35.0,4.6,2
-6.2966,104.0953,35.0,4.5,3
2.0367,126.6841,49.65,4.5,2
-2.6612,139.1164,34.84,4.5,1
-3.3085,134.5667,11.79,4.6,1
0.5454,126.0272,38.12,5.1,2
0.5764,126.1109,9.38,4.6,2
-6.893,103.6757,34.48,4.5,3
2.732,128.5544,239.0,5.2,2
1.1947,127.9012,5.57,4.5,2
-4.9309,101.9113,21.34,4.5,3
-7.5851,127.663,154.54,4.7,1
-8.1852,106.7699,36.67,4.7,3
-4.9692,133.9018,10.0,5.2,1
0.7929,126.2552,36.53,4.7,2
-3.4681,138.887,85.5,4.9,1
-4.4465,126.3407,374.44,4.6,4
4.0812,126.2217,52.46,4.5,2
-0.1824,122.9533,104.2,4.6,2
1.7463,126.3714,35.86,5.3,0
1.3387,97.0926,32.9,4.9,3
2.51,126.7118,50.06,4.7,2
1.3892,125.7579,106.82,4.7,2
-0.8978,135.3217,74.18,4.6,2
-3.3515,101.7089,102.42,4.5,3
-7.2968,122.5348,552.06,7.0,4
-7.4778,122.5352,565.03,4.9,4
-8.9066,118.8202,117.87,5.1,1
-3.5061,137.2552,83.89,4.5,1
0.0241,124.4702,62.0,5.6,0
4.7307,125.7803,104.82,5.3,2
-0.0463,124.5345,71.49,5.0,2
4.8049,96.1271,12.19,4.7,3
-1.8461,133.3405,40.47,5.1,2
4.7632,96.0123,7.94,4.9,3
-6.9941,125.3029,546.22,4.7,4
4.9129,96.252,52.03,4.5,3
-0.7789,98.7161,28.0,6.1,0
0.2059,96.9588,10.0,5.3,3
2.0819,128.4439,249.75,4.7,2
-3.3947,134.5206,38.3,4.8,1
4.0369,126.439,104.54,4.9,2
-8.0228,125.9182,30.41,4.5,1
1.7333,127.0931,104.4,4.5,2
-7.133,105.2771,49.11,4.5,3
-3.0004,129.2789,36.31,4.7,1
5.451,125.9371,121.24,4.7,2
-5.8083,110.8868,551.79,4.5,4
2.0264,126.9765,35.0,4.6,2
-3.4572,131.1113,37.17,4.6,1
2.0012,127.0084,50.09,4.6,2
0.4347,122.6362,110.19,4.9,2
-7.3075,128.7275,128.87,5.2,1
-0.1597,124.9236,69.11,4.8,2
-7.0135,129.6694,131.97,4.6,1
1.236,97.1348,35.0,4.5,3
-6.7166,129.5934,160.36,4.9,1
1.2458,126.341,44.19,4.9,2
0.3845,98.6332,39.02,4.8,3
-6.9446,129.2278,138.65,4.7,1
0.599,126.6715,66.61,4.7,2
3.9405,126.9073,56.87,4.6,2
-5.809,130.3598,39.95,5.2,1
-4.8295,101.7234,36.6,4.8,3
-9.6876,112.8854,49.71,5.0,1
-0.5409,122.3067,31.0,6.1,0
-2.1822,139.2322,40.67,4.6,1
-0.6065,122.3358,27.56,4.8,2
1.6686,126.5217,44.0,6.2,0
-0.6991,122.3062,37.99,4.9,2
-1.0346,134.4138,32.83,4.9,2
3.2785,122.3051,589.67,4.5,4
1.9433,126.4571,31.54,5.4,0
-6.0858,130.6,122.4,4.6,1
-6.6643,128.1232,285.87,4.5,4
2.4715,128.2803,164.53,4.8,2
-0.384,123.0519,88.51,4.8,2
1.2735,98.133,24.82,4.7,3
5.6945,126.9305,134.41,4.6,2
3.5898,127.3472,40.14,5.2,2
-9.6851,114.2388,53.65,4.5,1
1.8005,126.3084,47.42,4.7,2
-6.9858,109.056,10.0,4.7,3
0.6528,124.8816,53.24,5.2,0
-2.7945,139.3846,14.9,4.5,1
-6.665,129.971,160.13,4.7,1
-2.777,139.1236,49.28,4.9,1
-2.8805,139.1155,55.22,4.6,1
2.0551,126.6242,63.48,5.2,2
-7.0549,129.2299,180.52,4.9,1
1.3898,124.5719,222.2,4.5,2
-9.521,117.6324,70.24,4.5,1
5.8998,126.6604,77.39,5.0,2
1.8189,126.3625,58.14,4.6,2
2.001,96.7933,28.58,4.9,3
1.4552,126.2305,52.08,5.2,2
4.882,96.0969,18.14,4.6,3
5.0353,127.373,96.41,4.6,2
2.0881,126.6711,55.4,4.6,2
-7.2624,128.3602,168.07,4.8,1
0.4002,121.9895,118.0,5.9,0
1.6535,126.4846,45.05,5.6,0
2.7057,125.8435,83.36,4.8,2
-1.8361,120.6764,43.18,4.6,2
-2.2243,138.9014,46.63,5.0,1
-2.077,133.4807,33.89,4.8,1
2.4057,128.1853,137.78,4.8,2
0.9301,124.0097,222.81,4.9,2
-6.9009,132.542,9.0,5.4,0
-1.8319,99.6712,10.57,4.5,3
-4.4567,102.6599,61.55,5.1,3
0.3913,122.0469,123.62,4.8,2
-2.7838,127.6915,18.11,5.3,0
-6.0735,130.6717,111.53,5.1,1
-2.0433,128.106,48.51,4.8,2
-9.3061,110.3196,40.25,4.7,3
-0.8478,120.3717,36.94,4.5,2
-9.7537,110.5096,32.57,4.5,3
4.3554,125.9855,157.49,4.5,2
0.2777,125.4963,66.57,4.7,2
3.1164,126.8319,50.06,4.7,2
-1.7277,135.3291,27.54,4.9,2
-4.4912,137.7331,57.61,4.5,1
-6.5495,129.7777,150.36,4.5,1
-7.1698,129.7365,104.43,4.7,1
-6.1271,130.42,152.3,4.6,1
1.7485,126.2834,44.82,4.7,2
0.2081,126.2208,39.28,4.8,2
-6.7085,105.3343,35.0,4.9,3
-1.9912,139.2959,35.0,4.6,1
-10.4897,123.9385,44.01,4.5,1
2.5578,124.5292,300.36,4.7,4
-4.488,138.2209,35.0,4.7,1
-7.5836,127.5929,159.76,4.7,1
2.1173,126.6945,50.0,5.5,0
2.008,126.621,65.77,4.9,2
4.7689,124.9262,281.0,5.2,2
-6.6535,104.3352,35.0,5.1,3
-6.8028,128.1514,289.23,4.5,4
-0.0334,123.4196,149.95,4.5,2
1.7239,126.291,32.67,4.6,2
-7.3778,128.6865,133.73,5.0,1
3.4075,125.7052,162.82,4.6,2
-7.5251,127.5928,168.23,4.5,1
-9.6483,106.8492,10.0,4.5,3
1.3102,127.0,133.86,4.5,2
1.895,98.958,122.67,5.3,3
-5.6841,102.4776,27.0,5.7,0
-5.8882,102.3175,19.67,4.7,3
-1.7236,138.5387,33.5,4.5,2
-1.6974,138.6588,29.87,4.9,2
-8.8054,126.066,10.0,4.6,1
1.7628,128.687,55.93,4.6,2
-0.196,124.2485,79.43,5.1,2
-7.3144,120.6939,527.8,4.5,4
-7.6585,127.5316,167.7,4.7,1
3.115,128.1607,126.96,5.3,0
-10.6178,120.2969,35.0,4.6,1
-10.5892,120.4098,35.0,5.1,1
-1.9244,100.2726,66.57,4.7,3
-8.1719,124.9692,47.18,4.6,1
2.0346,124.7446,250.66,4.5,2
-4.9106,133.7716,15.61,4.5,1
-5.0631,129.7692,202.58,4.5,1
-6.5164,102.5477,19.86,4.5,3
-8.8878,124.0043,82.68,4.5,1
0.7305,126.239,49.87,4.7,2
5.8019,126.2407,128.26,4.5,2
-9.4395,112.9109,61.38,5.0,1
0.8413,125.4059,79.47,4.6,2
1.7164,126.4542,35.0,5.1,2
-6.1885,131.5187,34.6,5.0,1
4.5712,126.4319,116.21,4.6,2
1.3821,97.0116,19.03,4.9,3
1.2922,97.0868,38.59,4.5,3
1.5404,97.9026,36.0,5.7,0
-6.7428,130.6255,152.57,4.6,1
4.9564,96.2381,57.64,4.5,3
1.7356,126.4279,42.96,5.0,2
1.5234,127.2976,155.59,5.2,2
-10.0218,108.7317,10.0,5.1,3
-7.1493,129.2475,156.24,5.2,1
-7.5578,128.4355,101.71,4.5,1
0.5841,125.3807,62.84,4.8,2
1.8528,126.418,55.63,5.0,2
-6.9586,129.794,124.29,4.9,1
-5.9709,128.3054,367.42,5.1,4
-6.234,131.6965,24.65,4.6,1
-3.5557,100.5703,37.96,4.5,3
-2.542,102.2191,151.0,6.0,0
1.6084,127.4021,132.71,4.7,2
1.073,127.2563,151.11,4.5,2
0.247,122.0651,199.95,4.6,2
-8.2869,120.6369,202.83,4.6,1
1.0317,126.1885,41.68,4.7,2
-7.397,128.6963,147.7,4.5,1
1.8239,126.3984,35.97,5.4,0
3.8584,95.9029,48.4,4.8,3
2.9642,128.1436,130.86,4.6,2
1.9054,97.0185,31.38,4.5,3
-7.9008,123.1524,234.51,4.5,1
-4.019,136.0045,27.62,4.9,1
0.3002,122.1215,195.09,4.5,2
2.6915,126.118,79.96,4.6,2
-5.3925,131.1108,47.61,5.0,1
1.3738,126.2907,37.91,4.5,2
-0.3871,135.7242,10.0,5.1,2
-0.3277,135.7341,15.0,5.8,0
-0.3649,135.8585,10.0,4.6,2
-7.1409,123.7446,577.09,4.8,4
-0.3852,135.81,10.0,4.8,2
2.2096,127.3776,78.28,4.6,2
-0.3815,135.769,10.0,4.8,2
5.7674,126.1976,75.97,4.9,2
0.0015,123.1768,157.11,4.5,2
-0.4258,135.7124,10.0,5.1,2
-8.8491,110.229,86.58,4.9,3
-4.7858,103.0184,40.33,5.3,3
-3.053,130.1094,26.17,4.5,1
-3.8991,98.9641,10.0,4.6,3
-6.0775,130.7012,109.3,5.1,1
4.6521,95.5695,73.45,5.0,3
5.9941,126.7439,66.37,4.5,2
-4.2973,125.7895,414.41,4.5,4
-0.0348,122.9159,154.04,4.6,2
-4.7037,128.0927,35.0,4.8,1
5.9867,116.5409,10.0,6.0,0
-9.3155,111.5017,56.12,4.9,3
-2.2748,138.8773,46.29,5.2,0
-3.5007,101.8342,86.7,4.5,3
2.3763,128.1778,140.4,4.6,2
-5.3203,131.5198,35.76,4.8,1
-6.5162,103.7301,20.73,4.9,3
1.7548,126.647,28.02,4.5,2
1.2468,96.9452,24.64,4.5,3
-10.5215,120.7255,35.0,5.1,1
-5.8282,105.6864,59.78,4.5,3
-1.5324,101.1677,58.77,4.7,3
-8.6297,118.3265,124.09,4.9,1
-0.2268,124.4263,64.21,5.1,2
3.6108,127.3243,60.84,4.6,2
-2.5045,138.1551,49.4,4.5,1
2.5277,128.4532,230.51,4.6,2
2.5471,124.074,335.1,4.7,4
0.5377,126.6637,65.55,4.5,2
-9.742,125.2517,20.0,5.8,0
4.1537,125.8447,136.0,5.7,0
-3.1651,137.3706,59.08,4.6,1
-9.4949,125.2122,10.0,5.0,1
4.1216,126.5665,93.07,4.7,2
-0.0415,123.2756,119.81,4.8,2
-6.4688,129.9833,158.91,4.5,1
1.5166,98.9553,105.73,4.5,3
2.7494,128.4976,215.69,4.9,2
-8.9664,127.0652,37.96,4.5,1
4.1213,126.7845,35.0,4.7,2
0.7152,123.743,258.67,4.5,2
5.1068,125.8352,123.62,4.5,2
-7.0118,105.3171,44.42,4.9,3
-9.438,125.1965,40.11,4.8,1
1.6223,126.4372,10.0,4.7,2
-6.1066,131.087,52.37,5.4,0
-4.8075,133.9843,10.0,5.1,1
2.1418,126.7493,49.43,4.7,2
4.2583,125.7525,157.88,4.7,2
0.6578,121.7163,114.57,4.7,2
4.684,127.5179,111.77,4.5,2
1.5018,127.1757,125.08,4.5,2
-4.7372,133.9869,10.0,4.5,1
-7.4514,120.2195,413.44,4.9,4
-3.5456,126.7828,69.6,4.6,1
1.2307,127.269,113.13,4.8,2
3.277,125.9512,76.54,4.7,2
-7.8664,128.9574,53.63,4.5,1
1.7963,128.5951,42.61,4.6,2
-7.5737,127.6999,50.22,4.8,1
1.8056,126.5108,55.51,4.5,2
1.1158,127.0704,127.07,4.7,2
2.9307,125.8416,26.62,4.6,2
4.2128,126.0858,113.27,4.9,2
-8.0402,105.8747,27.55,4.5,3
-7.2872,124.9083,544.82,4.5,4
-5.7227,131.0065,94.31,4.7,1
3.4961,126.5438,35.0,4.5,2
-6.2313,130.7527,94.76,5.0,1
2.9918,128.1869,115.0,5.5,0
-8.6391,116.2298,112.47,4.6,1
-7.6587,129.9804,14.05,4.7,1
0.4813,126.4125,42.46,4.9,2
-8.3034,121.1237,198.05,4.7,1
0.6634,127.7465,12.45,4.8,2
5.8956,125.7211,165.53,4.5,2
2.8901,125.1221,89.25,4.7,2
1.07,122.8274,59.72,4.7,2
-4.4112,125.3913,436.77,4.5,4
-6.4856,130.0371,162.32,4.7,1
4.5764,125.8753,110.05,4.5,2
2.3014,96.2186,22.73,4.6,3
-2.9693,99.9783,25.27,4.6,3
-8.2477,108.9163,48.0,5.5,0
-2.6786,139.2155,40.44,5.1,1
2.5101,128.2474,144.92,4.5,2
-0.5927,121.8155,18.78,4.7,2
0.9063,126.1714,36.22,4.8,2
-9.2585,112.6695,52.0,5.9,0
2.4605,126.0604,60.04,5.0,2
0.4163,96.9953,35.0,4.9,3
-0.9252,126.91,10.0,4.9,2
-7.3083,128.8148,151.43,4.7,1
-2.6286,138.5277,48.0,7.0,0
-2.7681,122.3543,44.66,5.1,1
-2.8175,138.3174,61.11,4.5,1
4.9127,123.109,582.8,4.8,4
5.9993,127.1112,84.39,4.8,2
-8.1731,118.3035,10.26,5.1,1
-4.332,101.1355,32.59,4.7,3
-1.6219,100.2739,53.16,4.5,3
-4.0209,135.9938,10.0,4.5,1
-4.2658,102.3599,64.76,4.9,3
-3.2752,128.8026,68.59,4.6,1
4.6798,95.1216,46.98,5.0,3
-7.5364,128.2235,147.57,4.6,1
1.6518,99.4507,164.78,4.5,3
1.7307,127.5424,175.18,4.5,2
2.3086,126.8744,48.53,4.6,2
-8.0444,107.0806,51.86,4.5,3
-5.9945,105.4445,56.5,4.8,3
-8.0922,122.9201,193.63,4.5,1
-4.6754,138.8535,69.84,4.8,1
-9.7758,115.9399,35.19,5.3,0
1.0048,98.9226,77.88,5.1,3
-0.2612,124.9659,47.67,4.8,2
-4.0844,129.0414,124.28,4.6,1
2.0868,127.3031,113.25,4.7,2
-8.2465,121.9013,197.63,4.5,1
-2.0984,102.3066,200.57,4.6,3
1.8426,126.2721,36.63,4.6,2
-9.5948,117.7305,72.4,4.6,1
0.1254,123.5293,131.29,4.9,2
-7.1256,129.1952,144.64,5.1,1
1.8452,126.3138,25.35,4.8,2
-6.5116,129.8305,160.87,4.5,1
1.2353,97.1414,30.12,4.8,3
-4.9539,140.1727,35.0,5.0,1
-8.0965,104.1489,30.48,4.5,3
1.6504,96.9581,29.63,4.5,3
-6.8732,131.3416,35.0,5.1,1
-3.7469,101.7758,57.25,5.1,3
-1.0819,120.1236,34.96,4.5,2
2.9632,127.822,119.56,4.5,2
2.3603,126.9191,60.71,4.8,2
1.1721,127.1415,33.56,4.7,2
2.9248,128.216,69.37,4.6,2
-1.5377,127.5267,39.75,4.6,2
-3.748,128.8834,43.32,4.8,1
2.8594,127.8864,124.18,4.5,2
1.3976,125.5806,87.14,4.6,2
-8.1634,123.04,18.8,5.0,1
4.5352,123.9523,448.67,4.7,4
-7.3535,128.5973,163.91,5.0,1
4.3967,95.4397,27.45,4.7,3
2.2652,126.794,46.32,4.6,2
0.4854,126.5894,46.14,5.8,0
1.8243,128.5079,57.93,4.5,2
-6.0855,128.8783,266.9,4.5,1
0.4607,126.7401,63.15,4.6,2
-10.0438,123.8574,42.15,4.8,1
-6.1509,130.3803,136.56,4.6,1
-5.6334,131.127,80.16,4.6,1
1.5426,127.3581,19.8,4.7,2
-8.1371,107.2032,41.24,4.5,3
0.8091,97.8077,29.2,4.6,3
2.3438,125.3558,163.63,4.7,2
-7.2139,123.6216,557.6,4.5,4
-7.319,129.3624,152.34,4.5,1
-8.5235,121.5224,156.11,4.5,1
-4.5155,129.2193,191.54,4.7,1
-4.0451,135.3642,28.89,4.8,1
-2.7293,138.4424,59.45,4.6,1
-9.1155,106.3291,20.35,4.9,3
2.7499,95.5789,34.73,4.5,3
-7.1655,129.511,134.2,4.5,1
1.4461,123.1342,34.98,4.5,2
0.6768,125.2319,74.73,4.5,2
-10.8411,116.3414,34.44,5.1,1
-6.8607,129.9424,127.59,4.5,1
2.7089,127.8178,10.0,5.1,2
2.5483,127.8026,10.0,4.6,2
1.3659,128.247,99.88,4.5,2
4.4132,124.6314,296.0,5.7,0
-7.6291,106.2438,25.33,4.8,3
1.7654,127.5569,174.69,4.5,2
2.0551,126.6816,53.0,5.5,0
1.1092,97.1382,34.1,4.5,3
-0.7023,127.5068,119.18,4.5,2
-8.043,107.2248,37.0,5.4,0
-1.2364,120.9418,37.63,4.6,2
-6.3059,131.0694,69.74,4.6,1
-6.873,125.4697,534.35,4.5,4
-3.2822,130.5821,15.42,4.7,1
-5.5853,103.9582,72.18,4.8,3
-8.0826,107.2662,40.52,4.5,3
-2.797,139.2001,34.66,4.8,1
-3.7852,138.5639,84.2,4.8,1
2.7091,128.6159,229.01,4.5,2
2.2936,96.337,24.52,5.1,3
-0.1596,124.5165,48.25,4.7,2
-8.6226,112.4874,66.21,4.8,1
-8.8663,105.8393,10.0,4.7,3
-2.9004,139.3625,63.31,4.6,1
-2.8446,139.492,46.93,4.8,1
0.0177,124.3731,58.85,5.0,2
5.4316,125.8812,105.3,4.9,2
-8.1997,123.0331,176.8,4.5,1
-0.7401,122.054,18.22,5.0,2
0.0422,123.4494,143.0,5.4,0
-6.2869,130.2597,107.96,4.5,1
-6.6757,129.3098,213.48,4.5,1
2.655,128.2391,141.21,4.6,2
1.6927,96.4018,28.51,4.8,3
1.8841,126.4288,41.55,6.3,0
5.1162,125.3265,72.61,4.7,2
0.2099,121.9318,216.41,4.5,2
-1.4376,99.3948,16.11,4.5,3
-6.9147,130.0327,115.1,4.5,1
3.5558,126.9805,28.96,5.1,2
-3.0342,136.2409,46.07,4.8,1
2.6729,126.9884,27.98,4.7,2
-6.527,129.8068,164.7,4.6,1
-2.5907,138.7013,8.78,5.0,1
-2.3991,102.4419,212.94,4.7,3
-3.8192,129.1845,112.65,4.9,1
2.1628,126.7514,49.3,4.6,2
-5.9788,103.5743,11.28,5.4,3
-7.701,102.9746,32.42,4.5,3
-1.8023,138.7776,33.13,4.5,1
-0.6212,131.2622,18.0,6.6,0
-0.574,131.1603,6.56,4.7,2
-0.4984,131.6841,10.0,4.8,2
-0.6217,131.187,10.0,4.8,2
1.2844,122.6907,6.57,5.0,2
-0.6466,131.1949,10.0,4.8,2
-7.48,128.4485,156.77,4.7,1
-4.085,127.6307,226.68,4.6,1
5.2649,123.7966,516.0,5.5,4
-7.1772,129.6047,107.0,5.5,0
-9.7707,107.9572,10.0,4.5,3
1.8696,126.5207,50.51,4.5,2
-9.2596,120.1331,78.08,4.7,1
-5.9102,131.7921,54.91,4.7,1
2.0468,127.3224,97.68,4.9,2
1.61,128.5578,53.1,5.0,2
-2.5588,140.1977,19.0,5.4,0
-6.0326,103.7117,34.0,5.3,3
-6.0758,103.6444,35.0,5.1,3
-5.0129,134.1501,28.37,4.6,1
1.3146,125.0141,109.83,5.2,2
-6.1308,103.5979,37.92,4.9,3
-4.5684,139.2853,45.23,4.9,1
-2.3109,139.565,15.24,4.5,1
-2.6942,128.6359,42.41,4.7,1
-9.1985,110.3619,41.64,4.7,3
-7.5937,116.9051,308.78,4.9,4
-6.3386,104.5224,44.94,4.8,3
-8.0421,122.6527,219.5,4.7,1
-0.4783,98.9505,49.77,4.9,3
-2.8781,126.2039,42.41,4.6,1
5.3867,126.0207,99.03,4.5,2
4.908,96.1805,44.31,4.6,3
-2.2604,134.3466,10.0,4.6,1
-2.8675,139.1346,48.43,4.5,1
-0.0241,123.8928,96.26,5.1,2
-8.0486,107.4009,35.0,5.2,3
2.4176,128.5172,228.53,4.6,2
-3.0016,129.6727,36.54,4.6,1
-2.396,139.3295,40.93,4.7,1
1.7137,127.3119,113.64,4.5,2
-7.803,122.6503,256.42,4.5,1
2.1156,126.4366,48.24,4.5,2
1.8125,128.3198,88.18,5.1,2
0.5629,121.6237,102.35,4.7,2
-6.0739,105.3913,43.97,4.6,3
-7.0362,129.5395,145.76,4.7,1
0.4901,126.5781,54.11,4.6,2
2.377,127.007,46.45,4.6,2
3.434,126.4614,42.18,4.7,2
1.8251,127.3577,97.82,4.9,2
4.4402,125.8756,165.21,4.5,2
2.8811,126.4992,42.61,5.0,2
1.4834,97.0675,20.58,4.6,3
2.0616,126.7201,51.54,4.8,2
-7.8487,102.3868,10.0,5.0,3
-6.3469,130.1945,124.55,4.5,1
4.8623,126.1898,84.45,4.6,2
2.4029,99.0526,149.32,4.8,3
3.6109,124.8198,286.05,4.6,2
-2.1661,138.2666,8.0,5.8,0
-2.1528,138.1873,10.0,4.6,1
-2.045,138.2446,10.0,4.8,1
-2.172,138.1575,12.2,4.8,1
-0.3459,99.0963,66.23,4.9,3
-1.454,97.0565,21.02,5.1,3
-6.8375,130.5741,97.59,4.6,1
-6.9788,125.4929,533.12,4.6,4
-0.1718,123.019,97.21,4.6,2
-8.5638,109.776,74.91,4.7,3
0.9924,97.509,26.3,4.8,3
-8.4379,107.4207,16.44,4.6,3
-6.1763,129.9874,141.93,5.1,1
-9.0587,124.0636,53.73,5.3,0
-7.4469,106.841,46.5,4.5,3
-7.6208,119.361,275.61,4.5,4
1.9129,128.308,121.86,4.5,2
-8.3918,124.9161,10.0,4.6,1
-6.9984,129.6771,109.6,5.2,1
-9.7659,124.8476,58.1,4.5,1
5.4233,95.1264,10.0,4.6,3
-8.348,125.0156,24.43,4.9,1
-8.2825,124.9069,10.27,5.7,0
-7.9517,107.0844,53.17,4.7,3
-8.3381,124.8754,20.0,6.5,0
-8.2033,124.859,10.0,5.3,0
1.7406,126.591,65.8,4.6,2
-8.377,125.0689,10.0,4.7,1
-6.7492,105.0488,10.0,5.1,3
-8.0161,125.3911,10.0,4.5,1
0.5827,98.0365,28.92,5.3,3
-8.3487,125.0105,10.0,5.1,1
-8.3354,125.5359,10.0,4.5,1
-8.2072,125.2822,10.0,4.7,1
-8.2451,125.0219,8.98,4.8,1
-3.3689,127.9143,63.96,4.7,1
-8.0311,125.2001,10.0,4.7,1
-5.5331,129.7835,191.19,4.5,1
4.8263,123.068,569.65,4.6,4
-8.2173,124.7998,20.23,5.0,1
3.4935,126.6383,41.27,4.5,2
-3.0708,137.4409,45.15,5.0,1
-6.093,105.2293,39.93,4.9,3
5.3892,125.5322,134.97,4.9,2
-10.1753,111.1987,10.0,5.0,3
1.5948,126.5761,37.1,5.2,2
-0.1994,97.0556,25.3,4.5,3
0.7863,98.8905,69.0,5.7,0
0.9913,127.568,10.0,4.6,2
4.8501,95.9685,10.0,4.7,3
-5.1746,131.7043,52.28,4.7,1
-7.8249,117.4771,15.75,4.7,1
-0.0296,123.2648,140.11,4.7,2
-9.2994,123.6056,94.58,4.5,1
-8.9416,110.2187,83.02,5.5,0
1.5536,127.2926,96.71,5.2,2
-7.2493,128.93,126.0,5.8,0
-6.4825,106.8627,126.02,4.7,3
-5.827,109.1681,29.75,4.5,3
-6.2676,103.8153,46.32,4.7,3
1.2116,126.4641,42.03,4.8,2
5.6331,125.6676,199.76,4.5,2
-4.7654,134.0536,10.0,4.8,1
5.106,127.3145,107.56,4.8,2
-10.3648,124.0569,28.53,4.5,1
-7.7677,119.0045,10.0,4.6,1
1.0142,127.4989,10.27,4.5,2
-5.8931,129.9553,198.98,4.5,1
1.525,126.4945,10.0,5.0,2
-6.4635,130.2773,116.0,5.2,1
3.3885,125.8783,46.48,4.6,2
-4.6682,103.5931,114.05,5.0,3
-6.328,103.6635,29.7,5.1,3
2.7042,127.8802,101.44,4.5,2
3.8006,125.7646,47.32,4.8,2
0.9017,127.5123,22.51,4.6,2
0.888,127.4376,27.7,4.5,2
-8.7535,111.4457,73.58,4.7,3
0.9969,127.4844,10.0,5.1,2
-7.4127,105.2713,10.33,4.8,3
-7.4351,105.3205,28.57,4.8,3
0.8917,127.3361,10.0,4.7,2
5.8702,126.2123,70.63,4.5,2
0.9434,127.432,14.76,4.5,2
1.0465,127.5112,14.54,4.5,2
3.0335,126.1049,92.21,4.8,2
-7.1484,129.9375,82.0,6.1,0
0.9944,127.5706,10.0,4.5,2
-8.2343,124.9384,10.0,4.9,1
5.332,125.3755,199.04,4.8,2
0.9075,127.3967,14.68,4.6,2
4.1883,126.7915,40.04,4.6,2
-0.5147,98.0279,22.9,4.5,3
-8.563,122.0185,171.64,4.5,1
-6.5857,105.1308,65.41,4.5,3
2.9598,127.3223,49.83,4.5,2
4.2222,125.766,140.97,5.0,2
0.9064,99.3425,111.74,4.6,3
1.4305,126.2904,33.16,5.7,0
0.8273,127.4389,18.04,4.5,2
-2.9967,137.4564,35.73,4.5,1
1.2033,126.8995,51.48,4.5,2
-8.3414,125.1383,12.68,4.7,1
3.3151,127.0023,44.0,4.5,2
2.8539,96.5417,44.95,5.0,3
-9.3035,124.1779,95.87,4.5,1
3.6638,126.9528,68.56,5.2,2
-7.0548,105.9999,51.34,5.4,3
4.6764,95.1419,62.82,4.7,3
3.7478,126.856,46.36,4.9,2
3.8456,126.8672,23.83,5.4,0
-5.2102,101.9759,26.75,4.5,3
4.3272,126.6911,30.43,4.8,2
4.1821,126.7656,32.15,4.6,2
1.0112,127.5026,10.0,5.1,2
3.0954,98.0064,80.84,4.5,3
0.9918,127.5501,10.0,4.5,2
-0.9202,121.3797,37.03,4.7,2
-0.0303,123.1898,138.94,4.8,2
2.7568,95.6873,28.5,4.8,3
2.6956,95.6207,28.69,4.7,3
2.6147,95.4987,29.19,4.8,3
0.0777,123.6431,132.74,4.6,2
-4.2367,106.8655,640.21,4.9,4
-0.7853,122.3943,10.0,4.5,2
-5.3026,103.4691,53.41,4.6,3
-0.1364,125.2131,49.22,4.6,2
2.9408,127.8449,118.18,4.8,2
2.7927,128.4917,219.44,4.5,2
0.2999,99.5337,109.12,4.5,3
3.6284,124.5776,314.27,4.5,4
4.8118,96.125,10.34,4.7,3
-6.7256,129.8714,161.44,4.6,1
-6.9726,129.8745,126.37,4.6,1
0.9884,127.5123,10.04,5.0,2
-4.101,129.595,27.65,4.6,1
-4.1064,129.5079,21.0,6.9,0
-4.1499,129.2226,13.83,4.8,1
-3.6626,129.4295,11.68,4.7,1
-4.0699,129.5291,24.44,4.5,1
-4.1346,129.3359,22.21,4.7,1
-4.1362,129.4394,26.52,4.7,1
-4.049,129.5739,10.0,4.9,1
-4.2408,129.6915,29.55,4.9,1
-4.1321,129.8839,25.4,4.5,1
-2.7745,129.4669,35.04,4.9,1
-4.2566,129.5258,10.0,4.6,1
-4.2767,129.6724,25.54,5.2,0
-4.0968,129.6218,29.86,4.8,1
-8.1556,116.0983,209.93,4.8,1
-4.1557,129.5264,29.16,4.5,1
-4.1687,129.7733,18.0,4.6,1
-4.1428,129.6036,22.17,5.2,0
-4.126,129.5585,28.89,5.0,1
-4.2038,129.5136,26.46,4.5,1
-4.1566,129.5697,10.0,4.8,1
-4.0634,129.7107,24.33,5.3,0
-4.1087,129.7295,28.53,4.7,1
1.5625,127.1952,129.5,4.7,2
-4.2933,129.4326,10.0,4.5,1
-4.0226,129.5853,10.0,4.6,1
-4.0576,129.6028,10.0,5.4,0
-4.053,129.5863,10.0,4.9,1
-4.0366,129.5475,25.75,5.0,1
-4.1304,129.5046,23.21,4.7,1
-4.1499,129.4646,26.76,5.0,1
-4.1748,129.5775,23.1,4.8,1
-4.1628,129.6597,13.91,4.7,1
-4.173,129.6642,26.83,4.8,1
5.1708,126.8292,138.09,4.7,2
-4.0421,129.4705,10.0,4.5,1
-4.1421,129.6221,15.15,4.8,1
-4.1177,129.6892,10.0,4.6,1
-4.2318,129.5433,30.22,5.2,0
-4.4502,129.6458,28.0,4.5,1
-4.2325,129.5953,28.66,4.5,1
-5.4291,129.4265,254.45,5.0,1
-6.3325,103.6315,27.8,4.8,3
-4.9619,102.966,48.6,5.1,3
-4.0576,129.5184,10.0,4.9,1
3.4763,127.4198,10.0,5.3,0
-6.8681,129.8586,76.77,5.4,0
-7.0177,105.1436,40.59,4.6,3
-7.4105,103.4135,10.0,4.5,3
-4.0574,129.5354,10.0,5.2,0
-4.056,129.5317,10.0,5.3,0
-3.5944,101.471,64.02,4.9,3
-9.6356,112.8601,43.35,4.6,1
-7.1386,127.8101,242.87,4.8,1
-8.1025,106.9697,34.95,4.6,3
-9.1226,110.428,51.32,4.5,3
3.4255,127.3616,10.0,4.8,2
4.4156,125.9686,139.29,4.5,2
-7.4147,129.0189,146.33,4.6,1
-4.2079,129.5126,10.0,4.5,1
-8.3684,107.0225,27.0,5.7,0
-9.1292,109.8631,50.39,4.6,3
-8.2498,125.0635,10.0,4.6,1
-1.4907,100.5029,68.11,4.5,3
2.5824,95.9152,24.17,4.8,3
2.6466,127.0601,42.31,4.7,2
3.6455,117.6359,14.0,6.1,0
3.3295,117.5841,10.0,4.5,2
-6.9364,129.2981,138.41,4.6,1
2.5852,127.0021,40.78,4.7,2
3.6698,117.6292,10.0,4.6,2
1.2272,121.0082,50.09,4.7,2
-4.6767,129.5578,163.16,4.6,1
3.604,117.6791,10.0,4.5,2
5.7766,124.453,60.02,4.6,2
3.5496,117.6519,10.0,4.9,2
-7.7705,130.1344,46.74,4.7,1
-5.2193,118.9669,15.59,4.6,1
2.5302,96.7188,40.23,4.5,3
-8.8842,105.5475,32.95,4.6,3
-7.3964,125.7648,23.91,4.8,1
-5.1199,129.8466,10.57,4.5,1
-4.2035,129.5424,20.94,4.6,1
-4.4282,129.479,10.0,4.6,1
-8.1633,125.3645,10.0,4.5,1
-4.3453,129.6024,10.0,4.5,1
1.6139,127.2093,126.94,4.9,2
-7.2182,128.9775,119.0,5.8,0
3.606,117.5707,10.0,4.6,2
-6.0135,129.4808,41.14,4.8,1
5.2557,125.7618,51.75,4.9,2
5.261,125.7709,89.42,4.6,2
5.7701,126.144,105.68,4.5,2
-7.1303,129.1725,162.23,4.9,1
4.4977,126.1302,116.47,4.5,2
-3.7458,128.3613,50.74,5.2,0
1.8197,127.265,126.43,4.6,2
-9.2315,108.8631,35.22,4.6,3
-9.2394,108.8429,35.65,4.7,3
-10.033,114.2023,33.42,4.7,1
0.0229,123.8194,143.05,4.6,2
-7.0711,129.8517,113.43,4.6,1
-4.7301,139.8842,15.32,4.6,1
-0.0696,123.1187,151.2,4.5,2
-6.2942,103.7124,29.11,4.6,3
2.2525,96.2482,27.06,4.6,3
-5.9576,130.5984,129.37,5.2,1
4.211,95.4763,43.99,4.9,3
-2.7285,99.923,10.0,4.8,3
-7.2792,106.4753,85.72,4.5,3
2.9978,128.1105,126.2,4.5,2
0.832,122.4827,75.19,4.6,2
4.6122,125.0506,37.6,4.5,2
2.3415,128.4644,236.65,4.6,2
4.8644,96.1794,38.07,4.5,3
-5.3079,133.9646,30.86,4.5,1
-9.4425,117.6913,74.5,5.4,0
-3.9623,136.3827,38.39,4.7,1
-7.9267,128.0329,10.0,4.5,1
4.3383,127.7562,106.47,4.9,2
-0.0682,124.4305,62.6,4.9,2
3.8965,126.8621,13.0,6.5,0
3.7068,126.7939,10.0,4.5,2
3.8277,126.8335,10.0,4.7,2
3.6938,126.8153,10.0,4.5,2
3.7797,126.9747,10.0,4.5,2
-6.9972,127.9935,252.07,4.9,1
3.8717,127.5421,10.0,4.5,2
2.3008,127.0337,81.21,4.5,2
3.7186,126.9938,10.0,5.2,2
3.7512,127.0147,10.0,4.8,2
3.7882,127.0032,10.0,4.5,2
3.6605,127.1378,10.0,4.6,2
5.6419,125.4375,191.05,4.8,2
3.8144,127.0322,10.0,4.5,2
3.6702,126.8336,10.0,4.7,2
-8.5997,122.9309,158.24,5.1,1
3.7534,127.0053,10.0,4.7,2
5.776,126.171,98.3,4.5,2
2.8101,95.4212,30.9,4.7,3
-10.0114,123.5855,14.06,5.0,1
-0.4798,99.2857,61.72,5.2,3
-3.8727,127.2292,4.11,5.6,0
5.5837,127.0957,94.41,4.5,2
-10.031,123.6677,34.34,4.5,1
-5.4493,130.1557,131.85,5.2,1
3.2087,128.3093,50.57,4.6,2
3.9375,126.9304,10.0,4.6,2
-3.8558,119.132,27.24,4.6,1
-0.2717,129.5232,10.0,5.2,0
2.0699,96.6882,16.49,5.3,3
-2.3918,133.3504,35.19,4.8,1
1.8229,124.1479,299.58,4.5,4
1.4266,127.3403,161.03,5.0,2
0.9703,127.4594,11.77,4.6,2
-8.3714,107.9491,35.0,4.6,3
1.602,126.9204,112.37,5.0,2
3.777,126.7831,10.0,5.0,2
3.7853,126.8674,11.77,4.7,2
-2.4682,134.6214,25.11,4.5,1
3.3157,126.7083,22.27,4.5,2
2.0785,96.6608,10.0,4.7,3
5.8354,126.8882,136.22,4.5,2
3.2058,128.392,42.65,5.5,0
-10.3314,119.4196,19.68,5.2,1
-2.8601,128.0692,45.87,4.7,1
1.6725,128.6015,10.0,4.9,2
1.7968,128.7178,7.75,4.8,2
0.9137,126.1105,10.0,5.2,0
-9.8322,126.8093,10.0,4.5,1
-9.916,126.848,10.0,4.7,1
-4.2529,126.4107,36.17,4.6,1
-2.4983,133.3527,10.0,4.8,1
2.9892,126.9538,49.42,4.8,2
2.9887,127.0121,10.0,4.5,2
-8.1584,124.2186,181.71,4.5,1
3.7587,126.9992,10.0,4.6,2
3.718,128.8853,7.07,4.6,2
-10.0781,123.5698,10.0,5.2,1
-0.022,124.3209,77.92,4.6,2
1.5577,126.4538,10.0,5.3,0
-2.5481,140.3681,37.96,4.5,1
-0.5452,97.0034,27.75,4.5,3
-10.0238,127.0324,10.0,4.5,1
5.9627,126.5027,97.44,4.5,2
1.1492,123.8419,19.74,4.6,2
-10.24,119.1624,35.59,4.6,1
-9.0862,119.1814,115.4,4.5,1
-9.6338,119.4013,28.0,6.3,0
-7.9023,122.955,253.9,4.5,1
-6.4241,103.4395,31.72,4.5,3
5.4329,126.4917,86.43,4.6,2
-9.4645,108.5707,8.14,5.1,3
5.8764,125.191,48.32,4.7,2
2.2697,125.3271,138.34,4.5,2
-7.3184,106.9569,128.01,4.8,3
-10.4684,111.3514,10.0,4.6,1
4.6554,127.7532,71.97,4.7,2
0.8597,129.0605,9.0,6.0,0
-3.5091,101.4852,53.65,4.7,3
0.7609,129.1475,10.0,4.5,2
-2.963,129.4977,28.35,4.5,1
2.1892,128.8576,62.1,4.5,2
-3.0377,129.4157,10.0,5.0,1
-6.7736,102.242,13.66,4.7,3
-7.4385,128.1651,137.21,5.1,1
-2.8018,128.1513,47.84,4.6,1
1.0649,127.4284,13.7,5.4,0
1.0244,127.4512,9.94,4.5,2
-9.0552,127.1953,45.93,4.7,1
3.8119,95.5214,59.51,4.5,3
-7.5022,128.5293,158.61,5.0,1
-6.006,130.4296,143.77,4.6,1
-8.7463,111.5091,57.44,5.1,3
1.2943,126.8981,66.18,4.6,2
3.641,124.4509,314.28,4.6,4
-8.9347,124.1552,93.63,5.0,1
3.0367,128.4639,210.9,4.6,2
-7.4809,128.492,126.85,4.7,1
5.2757,125.3322,175.44,5.5,0
2.0633,126.6888,10.0,4.7,2
4.2421,124.7356,320.46,4.5,4
-9.0005,127.1933,35.0,4.5,1
-7.427,128.7696,119.49,4.5,1
-8.6191,112.5355,78.32,5.1,3
-9.4118,125.1883,20.0,5.4,0
-9.7645,125.316,29.5,5.6,0
3.9982,126.0106,101.88,5.1,2
3.9775,126.6519,37.63,4.8,2
1.1977,127.135,50.92,4.6,2
-6.643,102.4768,10.0,4.9,3
-3.5864,101.4207,38.68,4.6,3
2.4129,128.3621,130.13,5.0,2
-3.1051,130.4461,40.89,4.5,1
-7.7649,125.7779,10.0,4.6,1
-9.4482,126.2843,10.0,4.5,1
-7.9759,125.8702,16.59,4.5,1
-7.8471,125.8207,10.0,4.5,1
-7.8806,125.7997,10.0,5.0,1
1.0772,126.262,18.77,5.3,0
2.9747,126.763,50.14,4.5,2
-6.5284,102.9381,34.81,4.5,3
4.6688,125.006,10.0,5.2,2
4.725,125.1481,10.0,5.5,0
4.6039,125.0244,10.0,4.8,2
4.655,125.0873,10.0,4.7,2
-4.544,133.932,35.27,4.7,1
2.2297,127.1373,35.0,4.7,2
-6.6788,104.2236,50.94,4.9,3
1.0087,97.4721,30.65,4.6,3
-8.5395,105.4624,18.84,4.7,3
-7.1649,129.0866,167.91,4.7,1
-5.5662,129.4922,269.8,5.7,0
-4.3933,139.2604,12.58,4.6,1
1.2535,122.6459,42.2,4.8,2
-6.3787,105.2049,67.81,4.6,3
-6.0011,101.8673,10.0,4.6,3
3.1193,97.9142,84.3,4.7,3
1.0528,126.3713,45.32,4.5,2
1.735,125.3816,117.65,5.0,2
-2.877,129.8023,10.0,4.6,1
-3.8637,138.102,92.62,4.7,1
-0.9887,126.7883,37.25,5.0,2
-8.3126,125.1542,26.95,4.7,1
-5.9825,130.8272,112.2,5.0,1
-0.6201,123.583,57.14,4.5,2
-5.0195,140.7007,10.0,5.1,1
-4.7365,139.8176,37.15,4.7,1
-2.8072,102.3188,159.87,5.1,3
5.5783,124.0831,503.15,4.7,4
2.3874,126.1019,55.0,5.5,0
-4.1947,129.3962,30.69,5.4,0
-1.2911,126.2817,41.84,4.6,2
3.1211,96.2001,11.08,5.1,3
-3.5238,131.326,34.49,4.6,1
3.926,128.2415,10.0,4.9,2
4.0341,128.2741,17.17,4.6,2
3.9824,128.4024,10.0,4.7,2
1.8638,98.9958,124.16,4.8,3
-1.7016,138.6038,10.0,4.7,2
1.5635,123.9683,20.74,4.6,2
0.5889,121.6715,91.51,4.6,2
4.1779,126.6774,31.32,4.7,2
4.2073,126.6515,35.0,5.9,0
4.1819,126.6357,38.38,4.7,2
-0.4236,126.9064,58.06,5.1,2
4.0281,126.4928,46.87,4.7,2
-8.1187,123.9284,162.76,4.5,1
1.2495,122.6447,10.0,4.6,2
-1.4267,138.5873,30.64,4.7,2
-3.466,131.3144,23.02,4.5,1
4.5503,95.0675,47.11,4.6,3
-8.2036,107.3857,29.0,6.1,0
-8.1118,107.3401,42.08,4.6,3
-6.0292,130.4296,118.0,5.5,0
4.1594,126.6094,35.0,5.0,2
1.215,122.5842,40.2,4.6,2
-6.9132,105.1325,48.02,4.8,3
-2.9063,100.1395,31.91,4.5,3
-8.0648,117.825,10.0,4.6,1
-4.1489,102.211,41.0,5.7,0
3.1534,122.6315,547.94,4.5,4
5.3232,133.0297,24.23,4.8,2
0.2998,96.5263,10.0,4.7,3
1.1909,128.1554,115.17,4.6,2
1.6399,126.4493,11.72,5.3,0
-7.459,128.1235,136.78,5.6,0
2.0125,127.0004,89.95,5.6,0
-3.6196,100.492,37.77,4.8,3
4.0808,126.626,35.0,5.1,2
3.4335,126.9225,65.66,4.7,2
4.0563,126.8237,35.07,4.7,2
0.3778,97.8847,24.19,4.8,3
0.4499,97.9707,10.0,5.1,3
-8.2517,124.4822,27.61,4.6,1
-1.7366,138.7276,30.49,4.6,2
5.601,126.6123,109.3,4.8,2
-2.1849,100.5742,63.3,4.5,3
2.3473,96.205,36.15,4.9,3
-6.9932,129.6828,158.75,5.0,1
1.554,126.5114,56.59,5.1,2
3.3808,125.7131,162.35,4.5,2
-0.2942,125.3405,10.0,4.5,2
-7.0247,102.5747,10.0,5.2,3
-4.5105,140.1922,107.0,5.6,0
4.5602,127.6509,128.32,4.5,2
-6.2585,129.7192,161.11,4.5,1
-3.2144,140.9637,10.0,4.6,1
-3.1518,140.9818,10.0,4.5,1
-4.5284,125.3695,495.86,4.8,4
-7.477,128.1893,153.17,4.6,1
-7.2878,105.8263,37.1,4.7,3
-4.6101,134.2985,10.0,4.6,1
-6.2905,103.3876,21.43,4.6,3
-5.0262,104.6271,117.0,5.7,0
-1.875,99.7338,35.0,4.5,3
-0.6403,129.9811,30.85,4.9,2
1.556,127.1184,118.79,4.5,2
2.0772,127.0758,51.94,4.6,2
0.0431,123.7442,108.29,4.9,2
1.4537,126.4364,38.59,5.1,2
-6.471,104.2658,29.15,5.2,3
-3.186,130.6969,10.0,4.9,1
-8.7612,117.5887,117.24,4.8,1
-6.6724,129.6333,140.8,5.0,1
-0.7395,133.3774,25.77,4.6,2
1.2879,125.7629,52.95,4.5,2
1.5036,125.8758,85.87,4.6,2
5.3854,126.6803,68.08,4.7,2
5.4836,126.6383,57.44,4.5,2
-5.8176,129.9404,195.73,4.6,1
-7.0091,125.1132,501.13,4.6,4
4.9658,127.5598,111.3,5.1,2
1.7645,127.3584,104.71,4.5,2
5.9364,127.4055,10.0,4.5,2
1.4672,127.7291,45.06,4.5,2
1.5441,127.6946,34.21,4.6,2
-6.8583,101.795,10.0,5.3,3
0.9168,98.8325,99.89,4.5,3
2.3862,97.9499,64.94,4.7,3
-10.0709,107.5385,10.0,5.2,3
5.5268,126.5072,73.55,4.5,2
-3.7361,131.5549,39.26,4.5,1
-6.9596,125.0498,519.56,4.6,4
2.4626,120.9943,673.06,4.8,4
-2.3147,139.0586,45.55,4.8,1
2.0154,126.5909,43.65,4.6,2
-5.3959,127.2344,404.11,4.5,4
-3.5505,139.8577,68.0,4.5,1
-7.0081,125.1516,508.52,4.5,4
5.1652,125.1415,284.0,4.5,2
-8.3052,128.5116,10.0,5.0,1
2.5893,128.1777,131.68,4.6,2
-8.8415,126.6425,33.94,4.9,1
-7.2692,128.9297,154.35,5.1,1
-3.7352,131.5435,27.85,4.7,1
2.4529,128.5395,231.38,4.5,2
-3.8992,129.3992,10.0,5.1,1
-9.1741,113.1066,57.65,4.7,1
-2.0967,100.6654,50.0,6.6,0
-7.1046,117.1715,485.69,4.5,4
-0.2294,124.0707,85.89,4.9,2
-4.8326,103.0649,71.56,4.6,3
-6.827,104.9144,51.59,4.8,3
0.0352,123.5887,127.68,4.5,2
-1.5671,100.1562,41.43,4.6,3
0.426,126.3298,10.0,5.4,0
-5.2474,97.8171,10.0,4.6,3
2.0003,126.6775,10.0,4.5,2
-2.9843,125.339,13.63,5.0,1
4.4753,127.6501,132.25,4.5,2
-0.8907,120.3376,26.68,4.8,2
-4.587,125.6264,429.62,6.3,4
-6.4726,103.5361,46.72,4.8,3
0.4394,126.3735,9.73,4.9,2
5.6797,126.2985,93.27,4.8,2
1.2789,126.3712,31.0,6.3,0
1.1958,128.2439,10.0,4.5,2
1.4136,126.4899,40.49,4.6,2
1.2757,126.4103,42.07,4.7,2
-10.6083,119.1079,44.06,4.7,1
-10.5345,119.1232,37.56,4.9,1
-6.4791,130.2158,136.59,4.5,1
1.2611,126.405,44.57,4.5,2
-7.0068,129.3873,160.25,4.7,1
4.0462,126.4564,77.69,4.6,2
-7.9595,115.146,212.18,4.6,1
-8.0735,107.5547,26.75,4.8,3
-0.0563,125.7712,63.65,4.5,2
3.2163,127.1331,43.81,4.7,2
-0.0211,124.0726,141.24,4.6,2
5.542,126.1269,104.25,4.5,2
4.3541,128.0312,74.41,4.5,2
-10.1001,124.4621,28.96,4.5,1
2.4521,97.8535,61.53,4.5,3
-4.5967,137.9705,26.61,5.2,1
-5.7732,130.0129,190.28,4.5,1
-3.5012,99.4263,31.05,4.5,3
-7.4889,128.3312,135.77,5.1,1
1.6858,126.5033,57.36,4.5,2
-0.0493,126.9168,97.32,4.6,2
-3.3293,101.2686,39.77,5.4,3
-4.6318,134.0753,10.0,4.5,1
1.0227,126.1072,7.91,5.2,2
-1.2996,123.3726,38.79,4.7,2
-0.0833,123.8786,96.2,4.7,2
-3.4668,139.8705,45.69,5.0,1
-6.2991,130.3051,132.29,5.2,1
-4.6489,101.9911,42.39,4.5,3
-2.1865,99.4112,6.78,5.3,3
0.9598,97.4036,29.89,4.8,3
-5.2325,130.6591,43.75,4.6,1
0.984,97.4066,36.21,5.1,3
0.4996,127.0344,85.39,5.2,2
-3.2919,130.5311,10.0,4.7,1
1.454,126.4777,20.5,4.7,2
-2.6672,110.1192,15.29,4.7,3
-4.6995,133.9401,10.0,4.6,1
-5.5909,131.0162,63.53,4.8,1
2.6958,126.8875,55.0,4.5,2
-6.1846,130.0553,157.55,4.8,1
-4.6484,133.971,32.6,4.5,1
-4.7252,133.9667,10.0,4.5,1
1.7072,126.7563,35.0,4.6,2
-5.992,105.3444,10.0,5.3,3
-4.2141,133.7873,10.0,5.1,1
1.0832,121.7393,54.05,4.8,2
0.4991,123.6178,253.49,5.0,2
0.9282,127.0594,36.71,4.5,2
2.1039,128.3431,83.01,4.8,2
-10.3268,119.2173,49.24,5.0,1
1.134,97.1038,31.19,4.9,3
-2.4053,101.1934,67.72,4.6,3
1.9978,127.7133,46.37,4.6,2
1.6967,127.2666,115.07,4.9,2
-0.2446,125.542,10.0,4.5,2
-0.3372,125.5186,10.0,4.5,2
0.1784,133.5067,30.52,4.6,2
1.1864,126.5958,10.0,4.6,2
-7.4315,120.0041,386.62,4.5,4
-0.2812,123.1436,77.1,4.7,2
-7.8655,126.7823,21.87,5.3,0
-7.914,126.7559,26.58,5.4,0
1.8279,124.8128,222.84,4.5,2
-2.031,138.9261,37.82,4.7,1
5.2542,126.1124,93.98,4.5,2
2.1926,95.0067,26.54,4.8,3
1.7758,126.4066,37.09,4.6,2
-2.3134,100.6991,63.3,4.7,3
0.0313,100.0902,8.07,5.1,3
2.3029,95.0241,29.59,4.7,3
-4.4742,134.7163,33.21,4.7,1
-9.0502,107.1891,10.0,4.5,3
-8.1568,108.9334,71.99,4.5,3
-4.5071,102.3012,70.19,5.2,3
-7.3975,126.2481,290.1,4.5,4
1.4365,126.4452,41.29,4.9,2
1.6084,128.3072,69.22,4.6,2
1.4252,97.0314,22.97,4.5,3
-10.4691,108.0124,10.0,5.4,0
-10.0333,119.1911,61.82,4.5,1
4.805,126.1037,111.55,4.6,2
-5.9474,131.0556,73.32,4.5,1
-2.9686,140.9911,33.44,4.7,1
3.0048,122.8741,508.52,4.5,4
1.5872,126.541,39.0,4.8,2
-8.0846,129.2192,35.0,5.1,1
-2.6134,126.4234,35.0,5.1,1
0.0371,122.9509,166.59,5.3,0
-7.6233,127.7189,14.62,5.0,1
-7.5866,127.6932,10.0,4.8,1
-7.0309,126.5808,372.39,4.6,4
3.6181,127.7774,84.96,4.5,2
-9.8535,118.0724,29.74,4.5,1
-7.475,128.9421,148.2,4.6,1
0.8056,126.1691,44.9,4.9,2
-6.7596,101.2175,9.0,5.5,3
-8.4972,124.2721,10.0,4.7,1
1.1527,126.8818,60.8,4.8,2
-5.0584,103.8093,90.83,4.5,3
-2.8437,139.3099,62.47,4.6,1
1.6808,96.9384,30.46,4.6,3
-3.0115,130.1649,34.45,4.8,1
-3.0051,130.0806,27.02,4.6,1
-3.3953,130.9191,6.3,4.9,1
-3.7122,131.5537,30.07,4.9,1
1.7233,124.7243,232.88,4.5,2
0.0828,123.4107,141.98,5.4,0
-9.5526,107.018,10.0,5.0,3
-4.3452,138.5095,136.33,4.7,1
-6.1945,130.3235,158.88,4.9,1
2.0141,96.7462,27.62,5.0,3
-2.4482,138.4955,4.03,5.2,0
-6.5211,129.0038,211.81,4.5,1
-8.1935,117.8136,21.0,5.6,0
-9.6287,122.3723,64.42,4.9,1
-6.5226,105.7044,109.47,4.5,3
2.0956,99.1144,139.54,4.7,3
1.7625,95.8373,28.81,4.9,3
-7.4123,129.1882,129.62,4.6,1
2.8125,95.5295,29.83,4.9,3
2.8513,127.322,64.9,4.5,2
3.6477,127.1955,10.0,4.7,2
-6.1794,122.5613,10.0,4.5,1
-7.2716,129.4364,35.0,4.5,1
-9.0614,124.1606,118.48,4.5,1
0.1957,126.2757,60.54,4.8,2
-3.0585,127.5699,57.52,4.5,1
-8.1308,127.6278,111.5,4.5,1
-6.0563,100.3755,10.0,5.0,3
4.7437,132.4492,6.79,5.3,2
-6.8689,129.3042,179.58,5.2,1
-5.9627,104.164,48.95,5.0,3
0.5271,122.2652,98.38,4.7,2
0.1587,123.7079,137.62,4.9,2
-8.1559,117.8323,36.11,4.5,1
5.5673,125.7151,126.97,5.2,2
5.6682,125.3083,74.27,4.7,2
4.7177,126.8282,53.04,4.6,2
2.9042,128.5503,228.74,4.6,2
1.4149,120.9673,10.0,4.6,2
-6.154,128.4731,303.09,4.6,4
-4.0182,129.2411,41.61,4.5,1
-6.5866,104.8479,44.17,5.1,3
-6.5442,104.9177,56.45,5.2,3
-9.6475,119.9051,48.88,5.4,0
-3.3941,127.3049,65.19,5.3,0
-6.886,128.1266,269.55,4.5,1
-7.7412,103.7436,15.05,4.5,3
-4.4044,127.285,10.0,4.6,1
0.7293,123.7858,271.3,4.7,2
-7.2966,128.5759,155.98,4.6,1
1.5814,126.9776,107.75,4.9,2
5.7452,125.8456,100.97,4.8,2
1.3289,126.323,10.0,4.6,2
-8.2572,109.3419,82.63,4.7,3
2.8356,95.3322,27.82,4.8,3
-10.2779,124.7036,10.0,4.8,1
-6.7869,132.1165,42.84,4.7,1
-4.1322,102.2713,51.19,4.7,3
-7.3762,128.2016,137.49,5.3,0
1.618,126.3985,39.84,4.5,2
-5.1358,102.8007,49.13,5.0,3
-3.6005,131.4186,10.0,5.0,1
-2.4006,138.3588,35.0,4.5,1
-3.3687,128.9869,45.94,4.5,1
-7.2872,122.4345,533.0,6.0,4
-7.2131,122.5391,520.29,5.8,4
-3.3856,99.5219,27.22,4.7,3
1.8407,126.4211,53.38,4.6,2
-2.9097,100.1775,19.0,5.6,0
-7.4404,128.0738,152.54,4.5,1
-2.7862,138.4275,41.82,5.5,0
-9.1068,119.4008,63.58,4.7,1
-6.1252,127.9614,377.84,4.6,4
-7.1791,123.0432,584.47,4.5,4
2.889,126.6226,71.96,4.8,2
0.5533,98.6145,35.0,5.5,3
-5.7847,102.675,10.0,4.5,3
3.6701,126.9337,43.52,5.2,2
-8.195,123.259,41.78,4.5,1
-4.3694,139.9409,93.36,4.7,1
-0.9389,120.4097,27.22,5.1,2
2.8312,96.4819,35.22,4.7,3
-4.7794,101.9371,35.0,4.6,3
-6.3346,130.1747,138.21,4.5,1
-0.0862,123.8047,99.94,4.6,2
-9.8648,111.6546,10.0,5.2,3
-9.7438,111.7721,10.0,4.7,3
-9.8042,111.6845,10.0,4.8,3
5.6516,126.7878,65.34,5.3,2
-6.3091,105.2056,10.0,5.0,3
-2.469,99.9425,37.64,4.7,3
1.6019,126.7986,42.28,4.8,2
-4.9064,101.7667,18.3,5.3,3
-7.039,129.8739,123.53,4.9,1
-9.2961,119.4617,103.45,4.6,1
-3.8488,128.9955,114.0,5.4,0
-7.5689,128.2101,166.46,4.7,1
5.6811,125.5009,193.0,5.4,0
-2.0829,140.5718,9.0,6.0,0
-2.0734,140.5461,10.0,5.2,0
-2.0316,140.6062,16.8,4.7,1
-4.4346,102.7537,59.05,5.5,0
-2.0601,140.5861,10.0,4.9,1
0.5131,99.4296,108.81,4.7,3
-2.0427,140.6252,10.0,5.1,1
-1.9881,140.6285,12.38,5.0,1
-4.61,101.8498,38.71,4.6,3
-1.9714,140.6905,10.0,4.6,1
-2.005,140.68,10.0,4.5,1
-2.0452,140.6387,10.0,4.5,1
-1.9571,140.7628,10.0,4.6,1
-1.9652,140.5195,10.0,4.9,1
2.5957,128.4916,61.63,4.6,2
-2.0354,140.4805,10.0,5.8,0
-2.0312,140.5424,10.0,4.6,1
-2.0109,140.5902,10.0,4.8,1
-9.5047,111.8051,45.78,4.6,1
-9.8802,111.636,10.0,4.5,1
2.2238,98.7947,23.59,4.5,3
-1.9696,140.6004,12.92,4.9,1
-1.9895,140.4095,17.67,4.5,1
-1.9523,138.7047,10.0,4.9,1
-7.528,128.5861,158.12,4.7,1
-2.0168,140.4966,10.0,4.5,1
-1.9855,138.7455,10.0,5.4,0
5.5136,127.072,70.68,4.9,2
-9.1687,124.0865,103.78,4.8,1
-8.9968,111.421,53.36,4.6,3
-5.4296,103.5523,64.17,4.8,3
-6.4674,130.398,131.78,5.1,1
-9.5252,124.9967,10.0,4.9,1
-10.1058,123.6036,35.0,4.9,1
-0.7429,122.1601,9.89,4.6,2
-1.9451,140.5315,10.0,5.2,0
-1.9534,140.5974,8.0,5.9,0
-1.8499,140.5604,13.76,5.7,0
-6.6369,128.9159,236.17,5.0,1
-2.003,140.6779,21.89,4.8,1
-2.008,140.659,32.78,4.8,1
-6.9711,129.6076,150.14,4.6,1
-5.8971,130.3475,142.69,4.5,1
3.0514,126.8887,61.15,4.9,2
1.8983,126.7047,53.54,4.5,2
2.3574,126.31,76.11,4.6,2
-1.9579,140.5887,10.0,4.7,1
-2.9473,127.879,50.67,4.6,1
-6.2841,127.938,356.72,4.5,4
-9.4948,111.8085,35.0,4.7,1
-9.7648,111.6921,29.95,4.7,1
-6.5113,130.2844,140.52,4.8,1
-1.9556,140.534,10.0,4.6,1
-2.0858,140.5354,10.0,4.5,1
-9.5129,111.7207,35.0,4.6,1
2.4941,99.1943,158.4,5.1,3
-7.7756,127.8125,152.14,4.7,1
-2.0177,123.5422,29.95,4.5,2
-7.6612,128.0767,140.11,4.7,1
-6.8059,129.8539,130.57,4.5,1
1.4947,127.1542,130.04,4.7,2
-9.9019,111.6387,36.83,4.6,1
1.7703,127.449,128.0,5.8,0
5.4517,126.754,55.32,4.5,2
-2.3016,133.8546,38.6,5.3,0
4.7893,95.6808,90.81,4.7,3
4.2873,126.3759,74.03,5.0,2
-2.769,126.6851,32.15,4.9,1
-3.4687,139.294,60.36,4.7,1
-4.8626,108.1627,614.0,6.6,4
1.0584,126.2603,52.98,4.9,2
-8.9584,123.947,95.85,5.2,1
-1.9525,100.1206,60.92,4.5,3
1.8721,127.3017,97.59,4.9,2
-6.3042,129.8245,21.57,5.0,1
-2.0423,140.6007,10.0,4.7,1
-7.879,107.6081,68.15,4.6,3
-7.5166,107.0088,37.84,4.5,3
1.6409,127.2289,116.04,4.6,2
1.615,127.4085,162.62,4.7,2
2.5858,128.3154,160.51,4.5,2
1.3702,125.758,61.0,5.8,0
0.7971,126.2078,47.42,4.5,2
-2.2395,140.1845,10.0,5.3,0
-7.2551,115.9379,10.0,4.5,1
-2.4131,140.3196,24.18,4.9,1
0.117,126.3431,10.0,4.7,2
-6.9686,130.632,108.25,4.5,1
5.9558,128.0325,37.87,4.7,2
-2.9697,129.4058,29.98,5.0,1
3.6709,122.2858,597.82,4.5,4
1.3248,124.1684,266.28,4.5,2
-7.3687,111.3486,17.87,4.7,3
0.998,126.8908,46.32,4.7,2
2.8781,95.4706,30.36,5.0,3
-6.3711,129.8635,133.34,4.7,1
1.2585,126.4088,39.85,4.5,2
0.5775,98.4864,49.65,4.8,3
4.0852,125.9849,153.41,4.6,2
-8.11,104.8401,33.0,5.8,0
-2.3329,100.6902,56.53,4.6,3
-6.7344,106.3907,63.98,4.5,3
-2.6146,139.9569,29.22,4.5,1
-8.9039,111.4159,68.75,4.8,3
-8.8241,111.4821,61.73,5.0,3
-4.4143,133.9229,18.96,4.7,1
2.1299,127.0606,85.56,4.5,2
-6.3565,103.561,35.0,4.6,3
0.1423,122.9573,155.36,4.7,2
-9.0027,113.2445,85.0,5.7,0
2.7441,128.5547,29.76,4.6,2
-6.2582,130.4786,112.15,5.5,0
-8.7562,110.6174,58.16,4.6,3
1.8256,126.3494,23.63,4.9,2
-1.0344,127.4612,10.0,4.8,2
-6.5394,129.8723,168.52,5.0,1
3.5817,125.9939,106.71,5.1,2
4.9763,127.8544,66.27,4.7,2
3.6448,122.9508,550.71,4.7,4
-4.4752,100.562,10.0,4.5,3
-8.6725,124.5183,32.09,4.9,1
-6.1715,128.6407,291.35,4.5,4
-10.8442,123.3875,37.96,4.5,1
1.07,126.3934,50.38,4.6,2
4.5407,126.4004,106.48,4.9,2
-0.2586,132.5155,10.0,4.5,2
-3.0023,136.869,35.0,5.0,1
-0.171,125.6755,39.62,5.2,0
-7.7973,123.6191,252.99,4.5,1
-6.9549,131.9442,24.44,5.0,1
-6.9865,131.8204,24.0,5.7,0
-8.3219,119.5188,160.2,4.6,1
5.6919,126.3394,137.42,4.6,2
-9.6358,117.4646,81.64,4.9,1
-6.3213,130.0421,132.47,4.6,1
3.4883,96.6866,69.61,5.0,3
4.5051,127.8342,139.0,5.7,0
-7.9804,128.6356,54.68,4.5,1
-7.3158,123.3802,526.0,6.3,4
5.2834,96.1678,13.0,6.5,0
5.2296,96.1855,10.0,5.2,3
-1.9254,140.5928,16.12,4.5,1
1.0984,126.4696,56.75,4.9,2
-2.3316,99.9721,39.72,4.6,3
-3.0277,128.8414,49.68,5.0,1
5.1409,96.1472,14.05,4.5,3
5.365,96.236,22.56,4.7,3
5.9078,127.0736,67.56,4.6,2
3.5997,126.7529,68.4,4.6,2
5.3016,96.2091,17.94,4.9,3
2.3908,128.5726,231.24,4.6,2
2.788,128.5065,239.94,4.6,2
-0.5817,124.0325,59.51,4.6,2
4.7748,126.145,52.18,4.8,2
-7.2793,129.2942,150.51,4.9,1
-7.5123,126.6828,236.1,4.5,1
-2.3411,133.8417,38.66,5.1,1
-6.8524,106.8294,123.64,4.5,3
-3.6878,131.4371,22.32,4.8,1
-7.2755,129.7004,102.49,4.7,1
3.592,126.7869,58.93,4.6,2
-2.5285,138.7659,10.0,4.5,1
-2.8512,128.0263,46.61,4.7,1
-5.9015,129.4164,193.46,4.8,1
-3.1237,139.082,49.25,5.1,1
5.3424,125.4744,188.63,4.6,2
0.73,126.0984,45.15,4.8,2
-5.7722,103.2197,35.0,4.6,3
-1.945,140.4824,14.83,4.7,1
-6.3894,130.6457,81.28,5.1,1
3.659,126.5941,39.82,5.0,2
-7.5082,127.9206,152.0,6.7,0
-7.6059,128.0483,166.41,4.5,1
-0.2458,124.4794,73.18,5.0,2
5.9083,126.4638,10.0,4.7,2
3.9631,126.5343,35.0,4.5,2
4.1368,96.0179,77.74,4.9,3
1.8075,126.4263,40.81,4.6,2
-9.0279,118.6639,79.0,6.3,0
0.4049,123.7758,211.57,4.6,2
1.7358,126.5028,42.15,5.0,2
-9.1767,123.5689,116.02,4.6,1
-6.0786,130.0318,137.85,4.6,1
2.8327,127.5786,78.93,5.0,2
3.6359,128.5907,11.0,5.2,2
3.5887,128.2355,10.0,5.3,0
3.5208,128.7229,10.0,4.7,2
3.6245,128.6563,10.0,4.5,2
1.9044,98.9469,120.31,4.5,3
-7.8644,123.2248,233.5,4.6,1
-8.7459,108.7974,38.14,5.2,3
-8.2134,106.7646,47.66,4.7,3
-3.5702,139.3172,52.31,4.8,1
-3.3528,139.4192,56.83,4.5,1
-8.1091,106.8098,35.0,4.7,3
-7.5458,128.0146,151.22,4.5,1
3.8627,125.8083,74.43,4.5,2
-6.3567,130.0683,140.72,4.7,1
3.3535,127.9394,81.75,4.6,2
3.9692,128.7362,10.0,4.5,2
3.6256,122.6846,568.82,4.7,4
-2.8283,101.4996,91.8,4.8,3
1.5272,98.1363,42.4,5.1,3
3.7227,128.5404,10.0,4.8,2
1.4191,98.0653,56.68,4.8,3
5.6588,126.5902,61.9,4.8,2
-6.358,103.8547,42.28,4.7,3
-9.3195,120.2104,76.4,5.2,1
1.8038,127.1172,71.32,4.6,2
-3.2312,135.6759,31.76,4.6,1
4.1918,126.8367,20.56,4.5,2
-7.5045,128.4131,158.36,4.6,1
0.8206,126.4387,35.27,4.5,2
-7.5605,128.3752,160.41,4.6,1
-1.7147,100.3498,44.0,5.4,3
2.4428,127.2089,66.71,5.0,2
3.8139,128.5868,10.0,4.6,2
4.4782,122.6171,627.17,7.3,4
4.3318,122.6301,623.72,5.1,4
-8.1619,117.5641,19.42,4.6,1
3.6015,128.6277,21.94,4.6,2
3.5287,128.7517,10.0,4.5,2
-5.2669,102.7235,22.95,5.5,0
-7.4129,106.9319,93.58,4.5,3
0.8464,100.5422,242.96,4.6,3
-3.4584,126.8844,41.92,4.5,1
0.0303,125.077,42.0,5.7,0
2.7512,126.819,38.0,4.7,2
-2.5841,128.9744,38.96,4.8,1
1.2682,126.4049,22.67,5.4,0
-2.0394,128.5177,43.51,4.5,1
0.7878,120.2073,10.0,4.6,2
3.3168,98.4696,6.0,5.6,0
3.2999,98.3861,3.69,4.6,3
-7.6347,129.9926,10.0,5.3,0
-6.8572,105.466,64.69,4.9,3
4.1536,126.8383,24.88,4.6,2
-8.1487,119.7368,179.93,4.9,1
3.511,128.5671,10.0,4.5,2
2.8266,128.2084,46.85,5.6,0
-6.1195,130.3343,118.04,5.0,1
3.1665,126.8162,61.46,4.6,2
1.8449,126.4789,47.16,4.7,2
-5.17,134.327,27.81,4.5,1
3.1131,126.8698,58.07,4.6,2
-8.7535,105.8043,30.64,4.7,3
2.8201,95.5618,31.54,4.6,3
2.7983,95.4071,29.08,4.9,3
-7.4836,128.2296,145.98,4.7,1
-7.3503,130.4701,58.32,4.6,1
-1.9155,99.5316,24.85,4.5,3
1.3326,127.1836,146.22,4.5,2
-5.7673,133.7771,10.0,5.2,1
-0.2946,97.0848,26.67,4.7,3
-1.0942,136.5766,29.68,4.7,2
-7.6364,107.0596,88.74,4.5,3
3.7805,128.6071,10.0,4.5,2
1.0471,125.9565,102.26,4.7,2
2.1093,127.3261,70.34,5.0,2
-2.8183,128.9428,36.47,4.6,1
-9.7638,112.9653,37.62,4.7,1
-9.4266,112.9103,62.99,4.8,1
-7.0054,128.462,221.71,4.5,1
-1.7774,98.9988,10.0,4.7,3
0.3693,123.9073,201.94,4.5,2
-6.9967,125.4125,492.53,5.4,4
-0.1487,125.0542,62.45,4.5,2
-6.3643,122.3382,10.0,4.7,1
-5.8121,102.4199,33.81,4.7,3
-6.5341,115.6659,559.62,4.9,4
-8.1306,119.6653,168.28,5.1,1
-8.4613,121.6951,181.63,4.5,1
-2.5829,139.8533,41.69,4.7,1
5.7475,124.7237,53.85,4.8,2
0.2861,121.9483,195.54,4.6,2
1.0368,123.8324,232.37,4.8,2
-9.7091,107.1985,40.53,4.6,3
-8.4287,113.1306,140.72,5.2,1
-7.2919,129.3788,134.38,4.8,1
-7.5557,106.9498,74.88,5.0,3
-2.8285,139.0936,46.33,4.9,1
0.0782,126.1915,30.41,4.7,2
-2.2527,140.8935,17.62,5.3,0
3.3033,98.4167,11.85,4.5,3
2.4949,123.0392,467.84,4.5,4
-0.185,123.0199,81.13,5.0,2
1.5944,127.4503,139.75,4.7,2
-2.5116,138.2934,43.68,4.7,1
-2.2574,139.057,10.0,4.5,1
-6.5152,104.2619,40.01,4.6,3
-4.8441,102.9054,63.91,4.6,3
-9.3531,115.7353,60.51,4.6,1
-9.2988,112.1499,35.0,4.9,3
-2.2442,139.011,48.61,5.1,1
-7.4345,128.6286,142.63,4.5,1
-8.1053,117.6496,212.26,5.2,1
-4.2294,137.5005,140.31,4.7,1
-7.529,108.383,101.06,4.8,3
3.3567,98.5166,11.16,4.7,3
-2.7954,138.9147,59.98,4.5,1
3.3452,98.5146,8.12,4.9,3
-2.6491,138.8429,57.66,4.5,1
-2.9918,129.7765,39.97,4.6,1
3.7015,126.7587,75.01,4.9,2
3.9156,126.8062,44.56,5.0,2
0.4888,99.7436,153.29,4.5,3
-7.5161,107.3878,77.33,5.0,3
5.2964,96.066,13.0,5.4,3
5.2456,96.1497,10.0,5.0,3
3.8387,126.6852,39.93,4.5,2
1.7165,127.0032,93.82,4.7,2
4.573,96.5459,41.74,4.6,3
-6.9596,129.3,116.38,4.6,1
-2.4436,140.0153,15.0,5.1,1
3.8032,126.7453,66.27,4.8,2
3.9854,126.8171,41.15,4.5,2
-6.4023,104.6528,45.93,5.1,3
-7.8406,107.9434,67.97,4.7,3
-10.6527,115.8822,41.07,4.7,1
2.3937,95.2982,17.34,5.0,3
3.8932,95.1135,35.0,4.5,3
4.7669,127.5889,64.63,5.1,2
2.1976,132.6865,10.0,4.5,2
4.7036,96.9622,174.81,5.0,3
-7.26,130.4187,37.28,4.8,1
-1.1248,126.9045,17.44,4.8,2
1.2504,122.4328,42.15,4.9,2
-4.2072,102.0171,42.72,5.4,3
3.2937,126.8642,73.42,4.9,2
5.9791,125.9141,66.98,4.5,2
2.3226,95.328,28.51,4.8,3
1.7651,99.4345,164.73,4.5,3
1.3899,126.5877,52.51,4.8,2
5.1164,126.8711,88.15,4.5,2
1.3675,126.4444,44.25,4.5,2
4.4056,96.5544,35.1,4.5,3
-1.3196,127.5752,32.33,5.0,2
1.7974,126.573,37.43,4.9,2
-2.7504,129.2657,36.94,4.5,1
2.121,121.685,10.0,4.9,2
-7.6691,127.5938,167.22,4.5,1
-6.366,130.0372,141.0,5.3,0
-6.1179,113.0763,584.16,4.6,4
5.5189,127.0097,110.98,4.7,2
5.6359,124.0,529.29,4.6,4
1.2018,126.5351,39.63,4.6,2
0.7872,123.8571,269.31,4.5,2
-6.2615,102.1873,10.0,5.5,0
2.302,128.655,57.8,5.2,2
4.0677,126.2476,52.77,4.5,2
-4.6268,129.6268,148.51,4.9,1
-2.27,138.8703,58.05,4.6,1
-6.5806,105.1463,75.9,4.7,3
-7.2234,105.2828,45.97,4.9,3
-1.8709,133.4668,25.36,4.9,2
-6.7841,130.2747,112.56,5.2,1
-4.6695,102.5798,53.84,4.6,3
1.9578,98.9865,140.51,4.5,3
-7.1827,129.6042,128.22,4.5,1
-2.027,140.6656,28.37,5.1,1
-7.7564,106.5851,51.37,4.9,3
-5.6225,110.1835,545.67,5.1,4
0.6515,121.1465,75.46,5.4,0
-3.2769,137.5555,50.33,5.0,1
-2.3503,127.9912,46.2,4.6,1
3.6425,95.8593,44.85,5.2,3
1.7629,127.0327,62.64,5.1,2
-7.8071,108.0002,78.6,4.6,3
-6.8198,130.004,121.35,4.6,1
5.0623,127.7352,83.17,4.9,2
-4.1305,129.3638,132.32,4.6,1
1.013,126.2331,55.58,5.1,2
-6.5203,129.7592,180.94,5.1,1
-7.3944,128.642,151.81,4.5,1
-8.5413,121.1462,195.74,4.5,1
-5.9777,102.9424,10.0,4.5,3
2.9331,128.0918,153.54,4.7,2
-10.7723,115.1546,10.0,4.5,1
3.2783,98.4474,10.0,4.8,3
1.8376,99.0438,143.64,4.6,3
-2.6799,139.1765,48.59,4.7,1
-7.9478,107.9551,77.93,4.8,3
-7.6145,128.1917,105.18,5.0,1
-6.0389,104.366,54.71,5.3,3
3.1401,127.0692,62.72,4.6,2
-8.4915,115.3233,111.71,5.6,0
-6.7078,129.7661,140.38,5.1,1
-7.9568,108.0128,73.62,4.7,3
-7.5554,128.0981,164.74,4.6,1
-3.0487,136.8661,33.97,5.5,0
-3.0209,136.8606,10.0,5.2,0
-7.9061,107.7809,25.87,4.5,3
4.9334,118.7791,33.96,4.6,2
2.6788,125.8866,86.17,4.7,2
-7.017,129.8016,122.02,5.1,1
0.6114,98.4164,52.48,5.1,3
4.8682,126.8312,69.73,4.7,2
2.7872,125.9815,111.88,5.2,2
0.0513,123.3717,137.95,5.0,2
-2.1247,128.0422,10.0,4.9,1
-4.3584,102.3654,57.83,5.0,3
-4.4069,102.1101,44.58,4.8,3
0.3086,120.5802,94.0,5.5,0
-0.5088,132.0748,41.74,4.7,2
-6.1992,130.6437,126.54,4.5,1
-3.0394,101.5421,57.16,5.3,3
5.5249,127.062,10.0,4.5,2
0.4789,126.7437,10.0,4.5,2
-6.3515,103.6676,36.33,4.5,3
0.4803,123.6788,246.42,4.5,2
-4.4846,125.3248,478.27,4.5,4
5.4531,126.4987,136.05,4.8,2
5.5806,127.4884,10.0,4.5,2
-2.7717,138.8614,10.0,4.6,1
-9.5742,111.7819,40.91,4.9,3
5.6754,127.2013,13.0,5.8,0
5.7168,127.2475,10.0,5.1,2
5.7939,127.1085,10.0,4.6,2
5.96,126.0847,119.68,4.5,2
5.645,127.2963,10.0,4.6,2
5.3951,127.319,10.0,4.6,2
5.7388,127.2427,10.0,4.5,2
5.5722,127.4624,10.0,4.5,2
5.7639,127.3001,10.0,5.0,2
5.6626,127.319,10.0,5.0,2
-6.7746,130.418,130.06,4.9,1
5.649,126.8929,49.06,4.5,2
5.6627,127.2932,10.0,5.3,2
5.8285,127.4363,10.0,4.5,2
5.6395,127.359,10.0,4.5,2
5.7068,127.0949,12.0,5.7,0
5.7844,127.2916,10.0,5.0,2
5.6034,126.9112,10.0,4.6,2
5.8298,127.3038,10.0,4.5,2
5.7712,127.3452,24.94,5.0,2
5.742,127.3149,9.0,5.2,2
5.7491,127.2785,10.0,5.1,2
3.6522,126.8464,47.1,4.6,2
5.8848,127.3223,10.0,4.5,2
5.8687,127.399,10.0,4.6,2
5.3576,127.5107,10.0,4.6,2
5.7328,127.149,10.0,4.6,2
5.813,127.416,10.0,4.8,2
0.2873,126.138,55.26,4.6,2
5.894,127.2707,10.0,4.6,2
5.7408,127.4109,10.0,4.6,2
5.7278,127.3001,10.0,5.5,0
-2.1079,100.5634,58.77,4.6,3
5.6931,127.3826,10.0,4.9,2
5.6392,127.3023,10.0,4.7,2
5.694,127.375,10.0,4.6,2
-3.3908,127.4054,75.51,4.5,1
-7.0583,124.8638,564.99,4.5,4
-3.1812,138.9311,36.81,4.7,1
1.4956,128.2505,87.39,4.9,2
-1.9886,102.6106,306.36,4.5,4
5.4535,127.2492,131.98,4.5,2
-1.1621,119.8945,36.68,4.6,2
-2.1582,99.6342,30.19,5.2,3
-7.7404,108.0192,72.22,5.2,3
-0.1019,125.1925,39.48,5.3,0
-6.0171,105.3705,50.16,5.0,3
-7.1817,105.3162,35.0,4.7,3
1.4202,128.134,92.25,5.0,2
0.6316,118.2381,10.0,4.6,2
-8.8121,112.4703,75.48,4.6,1
0.5735,126.2001,45.91,4.8,2
5.5043,125.0658,26.0,6.9,0
-9.6687,111.8495,10.0,5.5,0
-9.6529,111.7854,14.29,4.9,3
-9.6024,111.7727,10.0,4.9,3
0.6101,99.5331,10.0,4.7,3
5.3222,124.9789,10.0,4.7,2
-5.9532,129.8819,155.5,4.5,1
1.6222,98.6313,90.98,4.5,3
-5.8051,130.797,122.81,4.6,1
0.7853,98.4838,55.73,5.0,3
0.7951,126.1332,42.15,4.7,2
-8.3685,120.9567,187.86,4.6,1
-9.539,111.836,40.31,4.8,3
0.0259,123.4482,141.29,4.6,2
-5.9748,130.6729,137.68,4.5,1
-9.5045,111.8514,40.43,4.6,1
-6.6839,130.2979,101.06,4.5,1
-4.8456,129.5014,213.42,4.5,1
-9.8718,107.5821,49.18,4.7,3
-2.2331,138.9564,26.01,4.5,1
-10.3323,118.8513,10.0,4.6,1
-5.6564,110.0588,550.24,4.8,4
-6.9224,130.2202,90.42,4.8,1
-3.5526,131.3916,36.6,4.5,1
-3.5308,131.3705,34.07,4.5,1
-3.5087,131.2334,10.0,5.1,1
-6.6822,105.1626,66.62,4.6,3
-4.4073,102.2957,62.1,4.6,3
0.6064,99.539,10.0,4.8,3
2.459,96.8285,25.89,4.5,3
3.931,95.8694,49.34,5.0,3
-7.4413,128.3171,162.54,4.5,1
-6.5868,106.5594,121.11,4.6,3
-7.6724,107.0831,86.27,4.5,3
0.4964,126.3293,39.82,4.5,2
-4.5289,101.2583,36.84,4.8,3
-6.5738,130.0882,152.74,4.8,1
-8.3939,117.6714,168.87,4.6,1
1.9422,99.002,133.48,4.7,3
5.3343,126.4248,41.16,4.6,2
-4.9349,129.8244,195.41,4.5,1
4.1202,126.6109,62.45,4.7,2
-7.401,128.8228,153.02,4.6,1
3.5403,99.1827,185.44,4.7,3
1.6724,127.3009,109.17,4.7,2
-3.5806,140.4544,51.77,4.5,1
-1.1599,126.8967,36.74,4.9,2
-7.0886,129.3191,145.66,4.5,1
0.0309,126.6251,56.43,4.6,2
5.7297,127.4769,19.74,4.8,2
5.2395,126.2318,61.16,4.5,2
-6.6673,128.0067,296.97,4.5,4
-2.7898,122.118,10.0,5.7,0
-8.9692,111.9847,58.3,5.4,0
3.6121,128.0949,133.82,4.6,2
-0.0477,123.2075,154.36,4.5,2
0.4103,98.8923,67.16,4.8,3
-10.219,118.859,43.56,4.6,1
-7.4303,128.202,151.05,5.1,1
5.9585,126.4631,47.03,4.7,2
3.1647,125.5453,183.51,4.6,2
5.837,126.2584,49.59,4.6,2
0.6074,121.224,82.31,4.7,2
4.1915,97.2775,10.0,4.9,3
-5.8157,130.5826,90.65,4.6,1
-1.2923,120.4313,12.0,6.6,0
-1.2739,120.4503,10.0,5.3,0
-1.2497,120.4009,10.0,5.1,2
-1.2988,120.3987,10.0,4.5,2
-1.2974,120.4838,10.0,4.7,2
-1.2372,120.4176,10.0,5.0,2
-1.2496,120.4189,10.0,4.6,2
-1.3027,120.4838,10.0,5.1,2
-1.315,120.4649,10.0,5.0,2
-1.2182,120.457,10.0,4.5,2
-1.2748,120.3844,10.0,4.6,2
-1.2686,120.4663,15.31,4.5,2
-1.1926,120.5709,10.0,4.5,2
-9.5619,107.1004,43.82,4.5,3
-5.5441,102.7462,47.1,5.3,3
-1.3808,120.5086,10.0,4.9,2
-1.286,99.5969,35.0,4.5,3
-1.2713,120.5208,10.0,4.9,2
-1.1906,120.6301,10.0,4.8,2
-6.9264,129.4845,138.2,5.2,1
2.708,128.5539,234.52,4.7,2
4.1355,128.4551,85.3,4.5,2
-8.2333,121.6397,33.04,4.6,1
-7.5212,129.3405,108.67,4.7,1
-2.8434,130.1053,30.26,4.6,1
-1.2263,120.4977,10.0,5.0,2
-3.8599,129.2281,10.0,4.9,1
-1.2306,120.5324,19.92,4.5,2
1.5934,126.5787,59.24,4.9,2
2.4073,126.852,52.23,4.6,2
0.3057,99.5322,105.92,4.6,3
-1.2843,120.5419,10.0,4.5,2
-1.3239,120.4132,10.0,4.7,2
2.3502,126.8343,57.56,4.8,2
5.5313,125.1672,13.99,5.2,2
-1.341,120.6185,10.0,4.9,2
3.8086,126.7135,34.62,4.5,2
-4.4127,126.0841,412.58,4.8,4
-8.3206,106.259,7.0,5.7,0
3.6904,126.7757,56.82,5.4,0
-5.6026,129.6829,36.66,5.0,1
5.1627,125.2353,37.79,4.5,2
2.4126,126.8578,35.0,4.8,2
2.6356,128.2109,48.71,4.9,2
-7.481,127.897,153.91,4.6,1
-0.3548,132.4175,33.97,4.5,2
-7.9107,129.4594,153.79,4.5,1
-2.5576,121.7382,10.0,4.8,1
3.7342,128.0242,120.35,4.6,2
-3.5202,131.2089,12.81,5.2,0
-7.5021,118.3251,570.65,4.7,4
-6.083,130.5343,135.14,5.0,1
2.3103,128.5781,35.0,5.0,2
-4.1281,102.1165,64.6,5.2,3
-7.6454,127.5352,173.65,4.6,1
0.6052,98.5217,47.42,4.6,3
-5.9678,102.3471,10.0,5.1,3
-4.4779,129.371,34.28,4.9,1
0.8501,123.2722,52.46,4.6,2
-7.9806,117.6513,37.53,4.5,1
0.6251,98.1142,32.53,4.8,3
-1.316,120.5997,10.0,4.7,2
4.568,125.5866,151.55,4.5,2
5.8229,125.9897,125.7,4.5,2
-9.5706,124.6893,22.71,5.0,1
0.4798,126.6561,57.25,4.5,2
2.1323,128.3321,173.11,5.0,2
2.499,128.5083,234.36,4.5,2
1.4186,126.7881,77.1,4.9,2
-6.5338,105.1342,36.76,4.5,3
5.6795,125.6928,137.22,4.7,2
-7.2422,128.1444,10.0,4.6,1
2.2268,127.2513,107.84,4.9,2
-3.8232,128.5987,122.8,4.6,1
-3.9042,129.9452,38.3,4.5,1
-3.9564,129.9612,34.14,4.6,1
-6.0594,101.8877,10.0,4.7,3
-8.4238,122.5154,202.41,4.6,1
-3.9784,130.0341,27.99,4.9,1
-4.0082,130.0389,34.05,5.1,1
-3.8404,129.9143,34.31,4.6,1
-3.8051,129.9585,35.0,5.1,1
-6.604,128.6066,243.78,4.5,1
0.8052,126.1608,39.41,4.5,2
0.5086,126.1985,47.82,4.5,2
-4.338,102.9257,62.58,4.6,3
-7.8233,128.6418,67.26,4.8,1
1.6784,127.634,180.65,4.5,2
3.7065,126.8362,26.93,4.6,2
-1.2484,120.3604,10.0,4.6,2
3.0263,126.8845,44.21,4.7,2
1.1943,99.3953,22.94,4.5,3
-7.4094,105.9824,8.54,5.2,3
5.7713,127.1385,62.24,4.5,2
-4.3374,100.9072,14.82,4.7,3
-4.3146,129.7578,59.25,5.2,0
2.7455,98.9789,146.54,5.4,3
1.3325,97.1282,31.49,4.5,3
-8.0313,107.0615,58.52,4.6,3
-8.2566,119.3116,17.38,5.2,1
1.4763,99.1935,10.0,4.9,3
0.4098,121.9844,113.0,5.9,0
-7.5044,127.5552,143.31,4.9,1
-9.7897,111.8698,40.39,4.7,1
-5.6381,129.1508,243.14,4.6,1
-5.2111,103.3465,57.59,4.8,3
0.7714,123.3111,47.09,4.9,2
-3.1757,137.1696,64.23,4.6,1
1.8968,124.8004,177.06,4.9,2
0.2777,127.2249,141.97,4.6,2
-8.9768,110.3985,57.92,4.7,3
-4.0095,131.4288,10.0,4.6,1
4.4855,126.7773,76.66,4.9,2
-5.6301,103.7242,40.67,4.7,3
0.3096,120.2036,67.0,5.5,0
-7.4837,128.3095,136.43,4.5,1
-9.3013,97.0784,10.0,4.5,3
-7.13,104.6723,10.0,4.5,3
-5.6622,101.3798,10.0,5.3,3
-5.6513,101.3947,10.0,4.9,3
-5.8879,101.252,10.0,4.6,3
2.6386,126.2148,10.0,4.5,2
0.9937,122.6898,394.14,4.9,4
-3.5583,126.0847,15.58,5.8,0
-3.9356,128.9318,38.56,4.8,1
-4.3959,101.9417,50.48,5.1,3
1.1489,126.5375,35.0,4.6,2
-7.4003,128.6406,146.29,4.6,1
-9.4984,125.8281,68.34,4.5,1
-2.6718,102.2422,158.65,5.1,3
-4.9255,129.577,215.06,4.5,1
4.6675,95.4038,71.83,4.6,3
-6.337,125.5892,533.57,4.5,4
-7.4421,128.412,141.32,4.5,1
0.0886,98.6265,35.11,4.5,3
4.7326,125.5243,39.6,4.7,2
-2.3796,139.1172,35.0,4.8,1
-8.1608,108.9879,63.18,5.0,3
-7.7606,123.8856,287.59,4.5,4
2.1215,97.8577,57.9,4.6,3
-0.6262,129.9367,34.92,4.5,2
-5.2847,102.4463,35.84,4.6,3
-5.3129,102.4112,38.72,4.6,3
0.6464,126.2906,46.54,4.7,2
-7.5498,121.8589,8.56,5.0,1
-8.1513,103.9711,10.0,5.2,3
1.2516,124.1251,264.73,4.6,2
0.578,126.1973,10.0,4.6,2
-6.5533,131.1113,61.8,5.1,1
-6.205,130.9922,75.76,5.0,1
-2.8817,129.5815,41.3,4.6,1
-3.7682,101.6228,31.0,6.4,0
-7.6158,115.9465,304.1,4.8,4
-6.2169,130.5406,127.1,4.7,1
-0.5309,131.9859,41.18,4.5,2
-3.7909,140.2565,18.04,5.4,0
-4.1941,129.8721,49.51,4.8,1
-7.1269,129.1687,166.44,4.8,1
-2.2958,99.891,21.4,5.3,3
1.3553,126.3725,38.1,4.7,2
2.6784,128.5693,235.19,4.5,2
-6.5499,105.3828,77.1,4.5,3
-6.2578,128.0493,13.7,5.5,0
1.7007,127.334,10.0,4.5,2
-4.1154,103.6789,38.94,4.6,3
-1.3753,120.5523,43.31,4.6,2
3.7161,127.0112,35.0,4.5,2
-9.3234,113.4273,52.87,4.6,1
1.0562,124.8936,134.19,4.5,2
4.1821,124.8746,53.76,4.9,2
3.7197,126.8705,42.43,4.6,2
3.3498,126.9502,47.79,4.6,2
-7.3238,105.7976,35.0,4.5,3
2.5076,95.8388,10.0,4.6,3
1.2373,122.6093,16.95,4.6,2
-10.326,111.1036,10.0,5.2,3
-3.4556,136.1756,55.76,4.6,1
-7.1689,125.5093,538.08,4.7,4
2.2228,118.7958,24.54,4.5,2
-1.5367,138.3084,32.66,4.5,2
-1.9138,133.4599,48.58,4.9,1
-1.159,99.6881,43.14,6.3,0
5.7446,127.0572,121.04,4.5,2
-0.2252,125.1781,40.82,5.3,0
-6.0389,104.9644,75.14,5.0,3
-7.0566,129.9558,81.22,5.0,1
3.7389,126.8311,60.65,4.6,2
2.1298,121.9567,545.99,4.5,4
-5.6232,126.3369,504.77,4.7,4
-4.1311,134.281,27.45,4.6,1
-6.665,130.2238,99.83,5.0,1
0.626,126.1271,10.47,4.5,2
2.4289,128.5159,235.24,5.0,2
5.3955,125.8959,102.53,4.6,2
-6.0426,130.804,126.88,4.6,1
-6.8416,133.2388,19.98,4.5,1
-8.6068,119.1423,144.45,4.5,1
-6.9776,130.0828,133.54,4.5,1
-4.9459,133.9356,10.0,5.4,0
3.7429,126.8855,35.0,4.5,2
-4.1892,134.3851,10.0,5.1,1
-7.5665,129.3156,115.97,4.5,1
-6.0986,112.9501,590.53,4.6,4
1.5765,99.5043,158.57,5.0,3
3.6389,128.4656,61.45,4.5,2
3.6252,127.0437,68.15,4.7,2
-7.454,128.1338,167.65,4.6,1
-6.8961,128.2829,282.21,4.6,4
1.1455,132.7063,10.0,5.1,2
1.1132,97.2894,34.47,4.5,3
1.2299,132.5728,10.0,4.6,2
-10.1961,118.8822,10.84,5.3,0
-6.1113,113.024,588.0,5.7,4
3.44,126.9995,86.3,4.6,2
1.2858,132.6741,10.0,4.6,2
1.1144,132.5432,10.0,4.6,2
3.8755,127.9342,101.26,4.5,2
-3.0562,129.7616,26.44,4.7,1
-3.5379,101.4422,76.33,4.5,3
-3.3743,102.0946,80.93,5.0,3
-7.7805,107.7737,5.92,4.6,3
-8.4217,107.0077,33.74,4.7,3
-4.8581,129.4139,220.19,4.7,1
-3.5289,140.1242,68.36,4.9,1
-5.9298,106.3876,150.05,5.1,3
0.8223,124.3318,219.8,5.0,2
-5.7548,101.3078,10.0,4.9,3
1.2072,132.6936,18.91,5.4,0
4.6283,126.6126,79.25,4.7,2
-3.5213,139.8123,54.64,5.1,1
4.0114,126.7839,46.32,4.5,2
0.8769,127.5239,17.01,4.6,2
-10.7449,117.2263,10.0,4.7,1
0.9675,127.5842,24.61,4.8,2
2.1628,127.6017,97.63,4.6,2
-7.2805,129.232,140.67,4.6,1
2.9053,133.3331,15.04,4.7,2
1.0634,127.5743,6.02,4.7,2
1.0707,127.508,7.71,4.5,2
1.9151,128.7315,33.0,5.2,2
3.9397,128.4983,10.0,5.6,0
2.6989,127.1272,21.1,4.7,2
-7.0262,102.3779,10.0,4.6,3
-2.896,139.0345,35.0,4.5,1
-2.5178,140.1692,10.0,4.7,1
5.7374,125.6928,71.85,4.5,2
1.1182,132.6886,10.0,5.0,2
-6.3682,130.116,154.09,4.5,1
3.0001,125.9419,53.25,4.6,2
1.1703,132.7453,10.0,4.6,2
1.2269,132.8181,10.0,4.7,2
-10.4194,123.8525,31.1,4.5,1
-7.3598,95.7937,10.0,5.0,3
-8.3786,123.3694,10.0,4.5,1
-8.3204,123.4094,10.0,5.0,1
-6.4547,129.8203,150.63,4.9,1
2.4905,128.5134,230.54,4.7,2
-7.2957,126.052,423.91,4.5,4
-6.5996,130.7598,72.53,4.6,1
-8.3138,123.4194,10.0,4.8,1
-0.0801,123.4281,99.4,4.5,2
-9.7569,114.234,48.1,4.6,1
1.2178,127.7706,9.65,4.8,2
-10.8642,112.2993,10.0,4.7,1
-10.796,112.3139,10.0,4.6,1
-10.8545,112.3622,10.0,4.5,1
-5.9924,125.2662,544.1,4.9,4
3.8405,95.8005,50.12,4.6,3
-0.2383,122.9492,92.61,5.6,0
2.2853,126.9014,57.14,4.5,2
-7.3819,128.5135,145.72,4.6,1
2.6663,95.8752,27.73,4.8,3
-5.8808,130.9706,104.44,4.8,1
4.1479,127.8735,63.09,5.3,2
5.7022,125.6671,206.46,4.5,2
-8.1338,129.7435,10.0,5.1,1
-8.1605,103.9884,17.35,4.7,3
-1.3246,120.3093,10.0,4.5,2
-7.2168,123.0735,553.81,6.7,4
4.0663,132.8148,14.78,4.5,2
-4.8552,131.0906,41.82,5.5,0
-9.6404,112.9337,35.0,5.0,1
-9.4826,113.0083,54.13,4.9,1
-9.0645,106.7463,10.0,4.5,3
1.2521,133.3516,10.0,4.6,2
2.0746,96.5271,21.03,4.6,3
-2.2089,138.5323,10.0,4.6,1
-2.9131,140.7066,35.0,4.7,1
-7.5376,130.4498,50.29,4.5,1
-7.4535,129.8206,118.46,4.5,1
-8.6014,118.9841,110.17,5.5,0
3.9456,126.6049,47.87,4.7,2
-8.7572,118.8503,110.15,4.9,1
-3.8261,127.7209,4.0,5.8,0
-3.7687,127.6675,8.14,5.6,0
2.0812,121.958,520.27,4.5,4
-3.7449,127.7517,6.0,6.1,0
-3.7217,127.8087,10.0,4.9,1
-3.8194,127.769,15.77,5.7,0
-3.6685,128.1185,10.0,5.1,1
-3.7217,127.8763,10.0,4.5,1
-3.8081,127.7021,10.0,4.7,1
-3.7969,127.6458,10.0,5.1,1
-3.7971,127.7522,10.0,5.1,1
-3.9097,128.0903,10.0,5.0,1
2.0439,126.0589,28.56,5.0,2
-8.1816,107.2932,55.08,4.6,3
-4.6191,125.5754,432.65,4.5,4
-3.8333,127.7399,10.0,4.8,1
-3.8268,127.7703,10.0,5.0,1
3.3623,126.6916,71.98,4.5,2
-1.2388,120.5152,10.0,5.1,2
-2.0335,139.0446,43.48,4.9,1
-6.5915,128.515,309.85,5.0,4
-0.0054,123.3839,142.45,4.9,2
-6.5071,104.6146,35.0,5.0,3
-8.3071,115.5272,22.71,4.9,1
2.2413,127.4771,121.22,4.5,2
1.8855,127.0792,103.76,5.2,2
-9.3978,125.2633,10.0,4.5,1
-8.4458,119.6921,164.27,4.6,1
-6.933,130.0577,117.68,4.6,1
-7.0375,129.9615,80.87,5.0,1
2.5545,128.3462,183.2,4.9,2
-3.4348,140.536,10.0,4.5,1
-7.2929,129.8275,145.74,4.8,1
1.061,126.3178,69.84,4.7,2
-7.9463,117.3807,10.0,4.7,1
0.0969,127.3529,152.32,4.6,2
-4.2809,133.7136,10.0,4.6,1
5.232,124.7329,368.26,4.6,4
-3.7684,126.031,11.39,4.6,1
-8.2196,118.8126,169.3,4.7,1
-2.4942,128.9339,10.0,5.0,1
4.2295,126.0849,127.16,4.8,2
-0.1033,123.8794,113.17,4.7,2
-0.3737,122.1711,37.97,4.7,2
2.4648,128.1481,8.0,5.8,0
2.4123,128.2336,10.0,4.6,2
2.3972,128.1485,14.88,5.4,0
2.321,128.1321,21.71,5.0,2
2.5062,128.3077,12.13,4.6,2
2.4534,128.2732,10.0,4.8,2
2.3379,128.1935,10.0,5.0,2
-2.9783,129.5555,22.18,5.2,0
2.6654,128.7008,228.7,4.6,2
2.3611,128.2411,10.0,4.6,2
1.8105,127.4506,102.16,4.7,2
3.0,125.9216,10.0,4.5,2
5.8813,126.036,90.37,4.9,2
-4.6948,133.7307,10.0,4.5,1
1.3731,96.9813,17.44,5.1,3
-9.9031,112.938,35.0,4.7,1
-3.6709,101.5643,39.82,4.5,3
0.4157,124.4387,88.65,5.3,0
-10.4745,120.1982,35.0,4.5,1
1.1079,126.1184,10.0,4.5,2
5.6155,124.768,337.61,4.6,4
-1.2116,119.9674,18.88,5.0,2
-3.8789,128.547,117.89,4.5,1
-1.1789,119.9614,10.0,4.9,2
-8.1589,117.9767,197.06,4.7,1
-5.811,105.7043,24.25,4.8,3
-7.2529,125.9504,470.39,4.5,4
1.492,98.9241,106.88,4.5,3
-5.4972,126.2744,487.61,4.8,4
3.99,126.673,10.0,4.7,2
2.8938,125.9935,85.89,4.5,2
1.1322,132.642,10.0,4.7,2
-6.7362,129.7816,157.0,5.5,0
-9.4154,112.9803,59.76,4.5,1
-6.298,130.1189,139.55,5.0,1
4.6206,127.6919,126.56,4.7,2
-4.2571,128.7128,182.95,4.7,1
-1.1849,127.7012,21.88,4.8,2
-0.1244,124.9717,69.77,4.5,2
-9.6932,123.0962,60.98,5.0,1
2.2218,126.7633,35.0,5.3,0
2.2762,126.8024,35.0,4.7,2
-7.638,127.5378,172.88,4.6,1
-3.1108,102.1648,45.54,5.1,3
1.3,122.3933,57.48,4.6,2
-6.4303,128.0344,322.82,4.5,4
-0.6299,123.6681,28.0,5.5,0
-0.791,125.1615,53.88,4.8,2
-5.028,102.9493,53.36,5.3,3
-3.2436,136.3662,31.11,4.6,1
5.79,127.0512,59.83,4.7,2
3.3034,97.5357,77.61,4.5,3
-7.6486,130.9462,83.89,4.6,1
-0.6357,133.1131,31.0,4.6,2
0.4582,126.4248,57.62,4.5,2
1.7353,127.3568,99.57,4.6,2
-7.1269,107.0917,100.75,5.0,3
2.3144,128.0641,30.8,4.6,2
-7.1094,130.6492,81.27,4.7,1
2.4004,98.9469,133.85,4.6,3
-7.4921,108.1743,90.0,6.5,0
-8.6435,103.7996,15.74,4.6,3
0.6,122.3305,89.11,4.9,2
-7.8842,106.8195,44.0,5.2,3
-1.8608,100.3584,46.74,4.6,3
2.3062,128.1882,31.39,4.7,2
-6.461,128.2362,313.32,4.6,4
0.0655,123.4742,143.05,4.9,2
-6.0725,128.7475,282.62,4.8,4
-9.1053,123.8899,97.15,4.7,1
-5.7198,131.8032,67.75,4.6,1
3.2855,126.9464,55.36,4.9,2
-4.3445,101.9407,44.72,4.7,3
-7.5158,129.2694,95.94,4.5,1
-7.9502,119.8906,231.36,4.6,1
-2.7612,139.4588,107.52,5.0,1
-7.7717,106.3932,35.0,4.5,3
-3.6088,131.2751,35.32,4.5,1
4.0013,126.521,34.05,5.1,2
3.1129,127.6432,96.67,4.5,2
-6.9613,129.6602,127.39,4.7,1
1.8311,127.3453,116.35,4.5,2
-7.5823,128.581,134.92,4.5,1
-6.8751,125.2941,532.61,4.6,4
0.5059,121.1248,98.34,4.8,2
-6.6743,128.5767,255.83,4.6,1
5.1878,126.3384,54.79,4.5,2
-9.7495,112.9113,47.54,4.6,1
4.0803,126.7919,23.79,5.7,0
-2.8144,101.0362,48.14,4.9,3
-9.373,123.466,103.33,4.6,1
5.4949,124.9006,30.8,5.1,2
-0.2797,123.6999,127.24,4.5,2
-4.3179,102.1873,52.09,4.8,3
-5.8764,103.2125,39.9,4.5,3
3.5302,126.4491,50.47,4.5,2
0.3687,98.6231,50.62,4.9,3
4.1491,126.7053,47.43,4.9,2
0.8828,125.3597,75.67,5.0,2
4.1849,126.6877,28.62,5.1,2
2.681,126.727,35.74,5.0,2
2.3654,126.9655,50.45,4.8,2
-7.9103,117.4043,45.79,4.5,1
-9.6198,121.5443,79.77,4.6,1
-7.4977,128.6938,160.53,4.5,1
1.7672,126.4043,30.43,4.6,2
-10.0341,122.8739,87.64,4.9,1
-4.9212,102.9261,57.68,4.7,3
-3.5722,101.6537,49.22,4.6,3
1.709,126.0494,87.58,4.6,2
0.4389,123.6688,237.71,5.3,0
-9.6745,107.5209,10.0,4.6,3
-6.9533,129.4769,158.43,4.6,1
-4.7984,138.3883,36.16,4.5,1
0.6792,126.5639,41.87,4.6,2
-6.3958,132.8126,33.0,5.6,0
1.6532,126.4797,10.0,4.6,2
-6.4135,128.4931,301.19,4.5,4
-7.6484,128.0708,147.29,4.7,1
-7.0924,105.9632,48.19,5.9,0
-3.2911,130.5471,16.47,5.0,1
-4.6491,102.5962,69.24,4.7,3
-7.1221,105.8133,35.03,4.5,3
2.6712,95.5087,27.61,4.9,3
1.5861,126.4855,52.19,4.5,2
5.7125,125.9274,100.04,4.8,2
-7.0604,105.7819,36.72,4.6,3
-7.0901,105.8007,41.3,4.7,3
-1.0963,126.8786,26.53,5.4,0
-1.2354,126.9738,10.0,4.5,2
-6.3994,130.4258,115.62,4.5,1
-2.8141,139.4573,93.54,5.0,1
3.1375,128.9447,10.0,4.5,2
-7.8874,118.7423,16.26,4.6,1
-7.8355,118.8054,14.82,5.1,1
-4.5979,125.4081,497.31,4.6,4
-0.2471,125.1824,38.0,5.5,0
-5.3537,133.9578,38.58,4.9,1
-6.8258,129.517,154.6,4.6,1
-7.5618,127.7524,153.74,5.1,1
-1.3217,99.6977,48.8,4.7,3
-9.1356,122.4646,138.46,5.1,1
-7.3785,128.4612,149.26,4.5,1
0.668,126.2897,10.0,4.5,2
4.6811,95.0173,55.61,4.6,3
1.4238,127.007,123.86,4.5,2
-10.1368,118.7441,34.92,4.5,1
4.7466,96.194,10.0,5.2,3
-8.9508,117.1487,100.5,4.9,1
2.1298,128.4041,76.09,4.9,2
-0.1595,123.2836,129.79,4.5,2
-2.0926,100.6263,68.15,4.6,3
-9.2859,126.4461,35.0,4.6,1
1.7151,127.2406,119.77,4.9,2
-5.9879,133.8125,10.0,5.2,1
-0.0028,97.3656,27.34,4.7,3
-1.2755,120.615,38.89,5.0,2
-1.3114,120.5843,17.63,4.6,2
-4.8786,102.9326,60.33,4.5,3
-7.6264,105.8892,34.07,4.8,3
-4.0909,129.4512,10.0,5.0,1
-7.7572,106.428,35.0,4.7,3
-9.4743,117.6073,66.82,4.7,1
-7.5551,128.0918,123.8,5.0,1
3.1422,126.8105,51.81,4.7,2
-0.7775,133.8483,34.02,4.6,2
-8.9498,110.9911,62.62,4.9,3
-4.8973,130.4689,114.65,5.0,1
-6.0358,100.7923,10.0,4.9,3
2.8852,125.6596,10.0,4.5,2
-4.7724,132.4694,39.12,5.0,1
5.9258,126.784,142.42,4.5,2
2.7427,133.119,10.0,4.7,2
2.8206,133.2129,10.0,4.8,2
1.4858,124.3688,220.06,4.8,2
-7.1125,125.4131,538.8,4.5,4
1.037,98.7305,81.53,4.5,3
-0.7895,127.1645,61.26,4.8,2
-10.4816,120.3631,42.95,4.5,1
-10.4676,115.5512,35.0,4.7,1
-7.0878,129.4079,160.87,4.5,1
-2.8291,100.3816,35.0,4.6,3
-3.2616,130.7772,10.0,5.4,0
-3.1769,130.8239,10.0,5.3,0
-5.3617,129.5749,191.67,4.6,1
-3.2498,130.7214,10.0,4.5,1
-4.8891,139.371,71.36,4.5,1
2.3017,98.6888,10.2,4.5,3
2.0672,98.859,17.02,5.0,3
-3.2666,130.7068,10.55,4.7,1
2.6224,95.9222,30.44,4.8,3
-2.7774,126.6859,9.0,6.1,0
-2.7626,126.8163,10.0,5.0,1
-5.9886,128.7169,303.36,4.5,4
-6.846,129.7486,162.92,4.7,1
2.5137,127.0771,52.51,4.6,2
-1.418,120.2064,27.73,4.6,2
-6.2535,129.7811,212.48,4.5,1
1.0047,98.7464,71.1,5.2,3
0.998,98.7382,66.77,5.3,3
-2.7074,140.4065,35.0,4.9,1
-3.3456,130.8112,23.09,4.5,1
-6.1353,130.2782,135.0,5.9,0
3.4302,97.8383,129.95,4.7,3
-6.678,130.2539,107.24,4.5,1
-0.8994,135.4169,41.84,4.5,2
-0.1719,96.7849,10.0,5.1,3
0.5799,126.1904,36.6,4.7,2
-0.6573,123.1382,49.22,5.3,0
0.2973,127.1521,135.95,4.6,2
-1.9412,135.6543,10.0,4.9,1
1.7921,126.5018,61.82,4.5,2
-5.1793,106.5654,370.43,4.5,4
-5.3128,102.3754,32.3,4.6,3
-5.5297,102.4175,13.02,4.5,3
-2.7788,128.8266,35.0,4.6,1
2.9708,127.3922,71.62,4.6,2
-3.3499,130.9136,10.0,5.4,0
-3.3428,130.9337,10.0,5.6,0
-3.4146,131.0096,10.0,4.7,1
-3.3757,130.8258,10.0,4.7,1
-3.334,130.9024,10.0,4.5,1
-4.2662,130.9336,54.2,4.8,1
1.9973,99.0036,124.41,5.1,3
0.0309,126.7209,50.57,4.5,2
1.4885,125.6148,43.88,4.7,2
-4.1465,100.4813,10.0,4.5,3
0.8784,125.3662,55.87,5.0,2
5.3284,96.2216,15.24,4.5,3
4.7732,126.4373,95.39,4.5,2
-0.5883,121.8267,30.75,5.0,2
2.8251,128.2197,35.0,4.6,2
-9.7555,126.9091,10.0,4.8,1
3.3679,122.4247,542.41,4.7,4
3.7321,126.7189,47.99,4.5,2
0.488,121.4659,104.61,5.3,0
-7.41,105.9404,48.55,5.0,3
-5.0627,132.7905,10.0,4.6,1
-2.794,139.0836,35.0,4.8,1
2.7313,95.5774,27.94,4.6,3
2.1475,127.8109,35.35,4.6,2
1.4793,127.9345,7.53,5.2,2
1.5588,127.8933,10.0,4.6,2
-4.5415,102.8449,63.67,5.3,3
0.3041,126.0837,13.34,5.0,2
-3.412,130.8967,29.06,4.5,1
-3.9709,103.5954,154.3,4.5,3
0.4056,126.0461,10.0,4.5,2
4.9087,126.9576,79.33,4.9,2
5.3564,126.4438,45.26,4.6,2
-7.3049,128.4848,144.0,5.7,0
-6.8976,129.2432,160.44,4.5,1
-6.6343,129.8172,169.0,6.4,0
-5.9407,102.6726,19.01,4.7,3
2.5014,128.3387,199.45,4.5,2
-7.1896,130.1254,83.22,4.7,1
-6.3117,106.6685,139.15,4.5,3
1.6125,126.2079,10.0,5.0,2
-6.5816,131.5562,49.19,5.0,1
1.1268,98.8486,94.61,4.9,3
2.5129,95.8538,8.55,4.6,3
2.5574,95.9851,27.07,5.0,3
-3.3739,130.9714,32.32,5.2,0
-8.8919,116.8008,127.07,4.6,1
1.6835,128.3989,73.34,4.9,2
5.9285,125.9048,163.05,4.5,2
-0.609,137.961,10.0,4.5,2
1.6431,124.9359,193.71,4.6,2
0.7816,126.252,39.25,4.6,2
3.0594,127.9812,62.9,5.5,0
-2.175,99.3586,10.0,4.9,3
-1.4171,138.2026,10.0,5.6,0
-9.5095,119.9347,79.06,5.1,1
-2.8078,127.7217,10.0,5.1,1
3.2568,127.1354,10.0,4.9,2
2.701,128.6616,235.26,4.6,2
-10.709,117.287,10.0,4.8,1
2.6407,128.4328,205.52,4.5,2
-6.5248,103.8889,30.25,4.8,3
-6.9833,105.5296,62.6,4.9,3
3.6983,95.5692,47.77,4.9,3
-10.3445,119.052,35.0,4.5,1
-10.1615,119.1803,35.0,4.5,1
-10.2914,119.1373,35.0,4.7,1
-8.5522,118.3405,132.32,4.9,1
3.1358,128.031,75.33,4.6,2
-3.5161,137.6135,64.65,4.5,1
-6.9777,104.8049,45.79,4.8,3
-4.8335,102.0937,53.16,4.7,3
-6.2814,105.2078,50.44,4.9,3
-6.6011,129.723,177.09,4.5,1
-7.1337,124.6372,528.86,4.6,4
1.4083,126.8759,34.0,6.0,0
-6.4067,130.0042,172.39,4.6,1
1.327,127.0496,93.65,4.8,2
-3.5216,131.3032,10.0,5.5,0
-3.5596,131.3676,10.0,4.6,1
-3.6581,131.3217,10.0,5.1,1
-3.5876,131.3251,10.0,5.1,1
-5.338,102.3663,35.75,4.5,3
-3.2204,131.8117,10.0,4.5,1
-7.2479,109.6541,10.0,4.5,3
-3.6625,131.3943,17.69,5.1,1
-6.6286,129.7525,161.69,4.9,1
2.1331,96.2282,10.0,4.9,3
1.6372,126.2962,39.1,4.5,2
-7.4147,126.6606,334.9,4.8,4
-3.3659,101.5937,65.86,4.6,3
1.7998,96.5101,34.77,4.5,3
-2.7611,139.1828,10.0,4.8,1
4.7225,127.5943,134.04,4.9,2
-3.181,139.7937,82.9,5.0,1
0.566,125.6288,42.46,5.4,0
-6.3107,123.6455,652.53,5.5,4
-1.2872,138.425,10.0,5.5,0
-1.3077,138.4471,10.0,4.5,2
1.8737,125.5939,55.99,4.6,2
-8.2541,118.1705,168.58,4.7,1
-3.8619,129.7072,10.0,5.1,1
2.961,127.8707,81.14,4.5,2
-7.3343,115.5685,360.63,5.0,4
-1.9046,139.7802,10.0,5.6,0
5.9399,127.2012,59.64,4.5,2
-4.0025,102.7738,89.86,4.8,3
4.7093,96.2113,31.26,4.5,3
-7.8314,118.4244,193.39,4.5,1
2.699,128.6118,235.23,4.5,2
-8.6363,118.3322,145.76,4.6,1
-7.3876,128.5116,150.68,4.5,1
-3.8074,137.0169,32.93,5.3,0
2.3175,126.8436,52.04,4.9,2
1.8069,126.4925,29.65,5.2,2
2.6958,128.6548,235.26,4.6,2
-1.3915,137.9608,34.39,4.9,2
-2.0196,139.1213,26.69,4.8,1
-6.0159,128.7381,314.61,4.5,4
-5.8078,133.69,10.0,5.0,1
1.9247,98.9744,129.99,4.6,3
0.3219,123.2779,257.63,4.5,2
-7.0106,129.736,122.12,4.9,1
2.1623,96.7033,29.79,4.6,3
-6.3375,104.9107,46.85,5.3,3
0.9805,126.0704,23.58,5.4,0
0.8971,126.131,10.0,4.8,2
1.0493,126.1458,10.0,4.7,2
2.1959,96.7202,29.35,4.5,3
5.6827,126.3782,100.01,4.6,2
3.4636,126.9295,35.0,5.0,2
-7.6656,117.274,286.4,4.8,4
-6.6149,129.8374,188.16,5.0,1
3.2941,128.2314,89.88,4.6,2
-6.7163,129.7358,153.11,4.6,1
1.2275,127.0873,53.37,4.7,2
3.5326,127.0984,19.29,4.5,2
-6.1422,124.869,601.58,4.7,4
5.3594,125.4392,169.41,5.2,2
1.8736,126.9827,101.86,4.7,2
-3.7928,138.5901,90.0,5.5,0
-10.8786,110.404,10.0,4.7,3
4.5714,95.0628,56.5,4.9,3
-5.8732,130.0289,192.1,4.5,1
-10.7228,115.0479,10.0,4.7,1
1.0288,119.9365,9.69,5.1,2
1.0774,120.037,10.0,5.1,2
-4.1476,133.4927,10.0,4.6,1
-4.26,102.4143,59.14,5.0,3
-4.2028,102.0625,60.79,4.5,3
4.8038,96.1063,10.0,4.6,3
-1.4152,120.3733,50.33,4.5,2
0.9386,126.0802,10.0,5.0,2
-6.6758,102.3206,10.0,4.7,3
0.8136,126.9479,47.79,4.5,2
-9.1607,110.6118,43.89,4.5,3
-9.4323,110.5405,57.01,4.5,3
-0.6457,137.4034,10.0,4.7,2
-2.8527,128.1218,48.62,4.5,1
-4.3248,140.5165,10.0,4.6,1
-7.4469,128.263,166.47,5.2,1
-6.2312,103.358,35.0,4.5,3
-8.4089,108.0434,50.08,4.5,3
-9.1493,118.4063,10.0,5.1,1
1.3928,97.0956,23.45,4.9,3
-6.805,132.4116,34.65,4.6,1
4.2475,126.5759,10.67,4.7,2
1.5404,127.1274,112.94,4.7,2
-5.9929,130.4414,108.55,4.9,1
-5.2746,132.3625,38.9,4.7,1
4.5872,126.6573,23.1,5.7,0
4.6413,126.7227,40.21,4.7,2
4.6132,126.8007,35.0,4.6,2
4.5514,126.67,21.41,4.5,2
-7.3442,128.4511,162.91,4.6,1
4.4862,126.745,54.87,4.8,2
-8.5828,118.3252,146.59,4.6,1
-5.068,102.6592,35.0,4.9,3
-7.0601,123.2073,631.32,5.3,4
-0.24,124.5341,60.92,4.5,2
-6.185,103.5487,35.0,4.8,3
-1.3352,135.214,10.0,5.0,2
-2.5212,139.9662,46.51,4.5,1
-1.8896,139.2163,35.0,4.5,1
5.7734,125.5624,201.07,4.7,2
-6.3207,128.8826,256.92,4.5,1
-7.3029,105.9645,44.6,4.8,3
-0.092,129.9483,36.43,4.7,2
-2.0196,98.5876,9.0,5.9,0
-1.9469,98.6868,10.0,5.6,0
-1.9281,98.6717,10.0,5.4,3
1.6611,126.5511,35.0,4.5,2
-1.9309,98.6411,19.0,5.5,3
-7.0006,113.8882,10.0,4.6,1
-1.8316,98.6279,10.0,4.9,3
2.7075,128.1231,52.19,5.0,2
2.414,128.5544,76.87,4.6,2
-1.9442,138.7944,10.0,5.6,0
3.0499,127.9789,74.82,4.6,2
1.1886,99.7231,171.73,4.5,3
-3.2085,139.6374,35.0,4.7,1
-6.8285,127.1048,409.03,4.6,4
0.3178,127.3877,142.49,4.6,2
-8.807,109.8354,50.25,4.5,3
-2.5003,99.8302,34.1,4.9,3
4.6545,128.0143,10.0,4.6,2
5.3748,97.0164,13.64,4.6,3
-7.089,129.7976,139.89,4.6,1
3.51,122.6474,566.31,4.6,4
-1.9817,139.0629,48.3,4.6,1
-6.4027,130.0179,160.31,4.7,1
-6.6038,131.9219,10.0,4.6,1
-4.9819,108.3788,640.05,5.3,4
3.8725,126.7409,27.37,4.5,2
-3.3334,130.6283,37.77,4.5,1
-3.1201,130.5878,35.93,4.8,1
5.6897,125.4731,75.78,4.5,2
5.4083,126.2395,96.47,4.6,2
-3.1753,130.5406,39.56,4.7,1
-8.182,120.0874,188.27,4.6,1
-2.8132,100.2067,29.15,5.0,3
-1.8661,100.3267,55.08,4.6,3
-5.7636,130.854,95.51,4.5,1
-8.1156,117.8518,32.07,4.8,1
0.5282,126.1609,29.1,5.3,0
0.5599,126.3022,43.71,4.7,2
1.2691,97.0479,26.26,4.8,3
-2.6777,129.7298,10.0,4.7,1
-2.8366,127.5996,33.21,5.1,1
-6.7706,130.0328,144.08,4.6,1
2.4793,128.5184,224.62,4.8,2
-7.0148,129.7643,118.16,4.5,1
-8.8029,127.5039,35.0,4.7,1
-7.6554,128.2518,133.69,4.8,1
-9.9711,107.1324,10.0,4.5,3
5.8959,125.1334,97.0,5.7,0
1.1288,99.1988,97.73,4.7,3
2.9594,126.8488,50.99,4.5,2
-9.8852,118.9639,47.78,5.2,1
-9.9183,118.9296,54.53,4.9,1
-3.2668,130.9431,34.23,4.5,1
-6.0894,131.6679,99.22,4.5,1
-5.6789,110.3857,533.91,4.5,4
-7.3335,128.6543,154.41,4.5,1
-7.0543,106.2509,10.0,4.5,3
-5.7941,103.3884,22.11,5.2,3
-2.0254,128.8991,23.12,4.7,2
2.4,99.06,160.24,4.8,3
1.3161,127.4019,129.85,4.6,2
-2.8691,100.0027,33.34,4.9,3
-5.3733,133.9577,7.15,4.6,1
0.2864,122.1082,196.54,5.1,2
-0.1885,124.5975,66.86,4.9,2
-7.5697,121.6522,425.25,4.5,4
-7.3442,130.5901,49.06,4.5,1
-7.3182,130.5661,44.98,4.6,1
3.071,127.0515,10.0,4.6,2
1.3774,124.5168,227.99,4.6,2
-4.784,138.4739,10.0,4.7,1
-7.2877,128.5903,152.5,4.7,1
2.6375,99.1963,169.25,4.6,3
-7.3954,128.8247,140.0,4.8,1
-5.2059,102.8814,44.84,4.9,3
-3.0444,139.7696,78.79,4.7,1
-9.0101,115.4768,79.79,4.7,1
-8.236,107.6358,35.0,4.5,3
-7.531,103.234,10.0,4.6,3
1.0075,125.9664,72.13,4.7,2
3.2006,128.2332,61.67,4.6,2
-9.5608,112.8231,31.53,5.4,0
-9.7815,112.9225,35.0,4.8,1
-9.4947,112.8012,39.89,4.6,1
3.5632,126.7948,45.26,4.8,2
-9.8385,112.909,35.0,4.6,1
3.4397,126.8108,35.96,4.5,2
1.9784,126.3833,45.54,4.6,2
2.4346,128.2535,85.45,4.6,2
-1.6945,99.8389,15.53,5.2,3
-0.9686,100.7688,10.0,5.2,3
-7.1602,127.3253,288.25,4.6,4
4.6803,125.04,10.0,4.7,2
4.6846,125.0959,12.14,5.2,2
3.3226,126.6533,49.83,4.7,2
-2.541,139.8977,39.71,4.5,1
0.2703,122.0429,181.61,4.7,2
-9.6104,112.8893,35.0,4.8,1
0.8618,126.2889,28.41,4.7,2
-10.3889,116.4874,30.12,4.9,1
2.4822,128.2793,88.34,4.8,2
4.5313,126.0444,95.99,4.5,2
-6.9543,129.42,117.29,5.1,1
-7.0755,129.5638,136.49,4.6,1
-6.0979,102.2659,18.42,4.9,3
-1.9093,99.6113,19.85,4.5,3
-8.9607,121.2767,96.74,4.9,1
-9.5711,112.8499,50.16,4.9,1
-9.1026,112.8674,56.64,4.8,1
-9.8227,112.8805,35.0,4.5,1
-7.4541,128.4014,160.34,4.6,1
-7.1039,122.7263,578.16,6.0,4
-6.2206,131.3531,83.27,4.9,1
-2.2298,100.7614,64.45,4.5,3
-8.2395,116.508,14.0,6.4,0
-8.2139,116.5888,10.0,4.8,1
-8.3065,116.4997,10.0,4.8,1
-8.1808,116.4971,10.0,4.7,1
-8.2204,116.4624,10.0,5.4,0
-8.287,116.5426,10.0,4.9,1
-8.1745,116.3593,10.0,4.6,1
-8.3605,116.5625,10.0,4.8,1
-8.3133,116.4514,10.9,5.3,0
-8.4127,116.5145,10.0,4.8,1
2.179,126.8005,49.03,4.5,2
0.5973,98.2642,35.0,4.9,3
-1.0132,127.3834,10.0,4.6,2
0.125,96.591,10.0,4.7,3
0.7023,98.5522,47.52,4.6,3
-1.8257,100.3719,55.42,4.9,3
-5.5715,102.604,22.77,4.6,3
-0.0755,122.9323,153.82,4.5,2
-8.2127,116.6286,34.52,4.9,1
-6.2122,132.7071,35.77,5.4,0
-5.2885,133.919,10.0,4.6,1
-5.3558,133.8892,10.0,4.5,1
-4.6178,102.9634,72.35,4.5,3
3.2096,127.0063,22.59,5.0,2
-2.3473,99.4295,21.0,5.0,3
-2.263,99.375,10.0,4.5,3
-2.294,99.468,10.0,5.0,3
-9.4676,121.2732,116.23,4.9,1
-1.6608,99.9721,36.99,4.5,3
-8.2581,116.4375,34.0,6.9,0
-8.3608,116.0241,17.72,5.1,1
-8.5068,116.1946,23.55,4.5,1
-8.3542,116.1689,29.25,4.6,1
-8.2789,116.2548,32.01,4.6,1
-8.3214,116.1577,13.64,4.9,1
-8.358,116.1402,31.26,5.5,0
-8.2955,116.1998,10.0,4.9,1
-8.2157,116.4561,12.14,4.7,1
-8.4005,116.13,13.33,4.8,1
-8.2992,116.2225,24.45,4.6,1
-8.3456,116.0894,21.12,4.5,1
-8.156,116.2039,28.28,4.6,1
-8.2702,116.2412,10.0,5.0,1
-8.385,116.2123,10.0,4.5,1
-8.2631,116.2181,10.0,4.6,1
-8.3667,116.3062,10.0,5.3,0
-8.2425,116.307,12.93,4.7,1
1.5159,127.2944,129.36,4.5,2
3.0866,126.4005,35.0,4.7,2
-4.4033,134.9019,35.0,4.6,1
-8.3988,116.0135,26.01,5.1,1
-8.2479,116.364,22.5,5.3,0
-8.2063,116.3945,10.0,4.5,1
-8.4188,115.999,10.0,4.5,1
-8.7157,116.276,10.0,4.5,1
-8.9246,106.5981,19.71,4.5,3
-8.3991,116.1263,10.0,4.6,1
5.9256,125.8815,158.54,4.5,2
-8.7694,112.4729,78.83,4.9,1
0.9612,123.8791,252.28,4.5,2
-8.3065,116.2304,15.0,5.9,0
-8.3405,116.6074,18.85,4.6,1
-3.2475,102.2771,117.01,4.9,3
-8.0879,116.4287,10.0,4.8,1
-6.8365,126.8034,423.41,4.5,4
-6.8797,126.8257,406.04,4.6,4
2.3749,96.2295,35.0,4.7,3
2.5722,96.247,35.0,4.7,3
-1.3041,138.5615,34.13,4.7,2
2.7663,128.0567,21.84,5.4,0
2.0372,129.0746,61.26,4.5,2
2.347,128.6244,66.59,4.6,2
-8.365,116.2402,10.0,4.6,1
-7.4813,122.6177,533.17,4.5,4
-8.319,108.8786,71.12,4.5,3
-7.1819,129.6081,139.31,4.5,1
-1.3729,120.9348,35.0,4.5,2
5.6078,126.3585,109.97,4.6,2
-6.3199,104.0668,49.23,4.6,3
0.6494,98.3562,35.0,4.9,3
-6.1585,104.5377,58.87,4.5,3
-7.3718,119.8017,529.0,6.5,4
-7.4091,106.6155,64.76,4.5,3
-1.9678,139.6771,45.8,4.6,1
0.7543,126.1854,39.37,4.8,2
-5.48,133.9447,23.38,4.5,1
-8.4051,116.5772,10.0,5.4,0
-8.3366,116.5993,16.0,6.3,0
-0.7115,99.7892,81.1,5.2,3
-3.7515,100.7001,35.0,4.7,3
-8.3454,116.7767,10.0,4.7,1
-8.2623,116.6518,19.06,4.7,1
-8.319,116.6272,21.0,6.9,0
-8.2842,116.5942,10.0,5.6,0
-8.1289,116.4207,10.0,4.8,1
-8.3511,116.5565,10.0,5.8,0
-8.391,116.5568,10.0,5.5,0
-3.098,130.5999,25.54,5.2,0
-8.2566,116.658,10.0,4.9,1
-8.3437,116.8124,5.62,4.7,1
-8.415,116.8263,10.0,5.0,1
-8.281,116.6962,10.0,4.5,1
-8.377,116.8473,10.0,5.3,0
-8.3295,116.6914,10.0,4.6,1
-8.27,116.658,10.0,4.7,1
-8.3828,116.8883,10.0,5.2,1
-8.446,116.945,10.0,4.8,1
1.936,98.1239,66.8,4.6,3
-8.3391,116.5462,10.0,4.7,1
-8.2059,116.6773,10.0,4.5,1
-8.3232,116.6443,10.0,5.1,1
-8.4087,116.8743,10.0,4.5,1
-8.1988,116.5361,10.0,4.6,1
-8.3006,116.6994,6.18,5.2,1
-8.4038,116.8903,10.0,4.5,1
-8.2421,116.3728,10.0,4.9,1
1.0406,97.3762,25.69,5.2,3
-8.4278,116.8353,9.61,4.5,1
-6.5955,129.7081,160.26,4.5,1
-3.3676,100.6979,33.2,4.5,3
0.1882,121.831,177.44,4.5,2
2.9372,127.1086,28.3,4.6,2
-8.543,116.952,10.0,5.2,1
-7.6689,105.8974,47.57,4.5,3
1.8774,126.3469,50.06,4.8,2
3.7351,128.0868,150.08,4.6,2
5.1343,125.646,10.0,4.6,2
-8.301,116.7071,10.0,4.5,1
2.3409,96.2647,33.01,4.6,3
-3.3811,139.0179,75.2,4.7,1
-8.1633,116.8103,10.0,4.9,1
5.7873,126.8464,91.19,4.5,2
3.6537,126.5754,12.03,5.1,2
-9.0829,114.8224,70.95,5.1,1
2.6208,95.6433,25.97,4.5,3
-6.391,103.6068,19.99,5.2,3
-7.4917,127.7883,159.07,4.5,1
-1.3503,120.6514,10.0,4.6,2
-8.422,116.9263,11.58,5.5,0
-8.3893,116.9882,10.0,4.6,1
-8.4768,116.9485,10.0,4.9,1
-7.0802,128.9003,157.66,4.6,1
2.1554,128.282,35.0,4.6,2
-3.0945,136.7759,48.49,5.0,1
-3.2681,102.0273,99.08,4.5,3
-7.5939,127.9304,160.11,4.5,1
-10.0649,123.3951,35.0,4.7,1
-4.8389,134.1475,10.0,4.5,1
-10.773,124.1871,14.0,6.2,0
-10.631,124.1363,8.18,5.7,0
-10.674,124.3738,10.0,4.5,1
-10.871,124.2173,10.0,5.0,1
-10.781,124.2671,10.0,4.6,1
5.3534,126.1913,141.51,4.6,2
-9.0219,110.1451,40.0,5.2,3
-7.0646,129.0712,144.87,4.5,1
5.5507,127.0569,71.51,4.8,2
-7.8026,118.745,10.0,4.9,1
3.7987,126.1522,72.37,4.5,2
0.9895,125.3745,55.08,4.9,2
2.1105,129.1167,36.27,4.5,2
-1.2594,138.444,34.54,5.2,0
-8.4258,116.067,10.0,4.8,1
-0.0413,126.7122,50.47,4.9,2
0.0459,123.4032,141.67,4.7,2
-10.8152,124.2802,10.0,5.1,1
-7.8996,119.9616,235.29,4.6,1
-8.1302,116.4089,16.06,5.3,0
-7.3533,103.0594,10.0,4.8,3
2.5821,126.8538,35.0,4.8,2
-5.6647,131.0397,104.61,4.9,1
-6.5443,130.6074,143.03,4.5,1
-0.3427,125.1731,53.56,4.6,2
5.5649,127.0178,103.78,4.5,2
0.821,96.8947,10.0,5.4,3
-8.3429,116.9679,10.0,5.0,1
-4.0823,138.3467,94.41,4.7,1
-8.3774,116.6363,26.4,5.0,1
2.7499,124.9021,189.0,5.4,0
-8.2619,116.8133,10.0,4.5,1
-7.5518,130.3484,11.05,4.5,1
-8.2532,116.571,10.0,4.5,1
-6.0099,103.661,35.0,4.9,3
-8.1224,116.5828,10.0,5.0,1
-8.1685,116.5351,14.01,4.7,1
-8.1902,116.5118,10.0,5.0,1
-0.8176,121.9479,30.95,4.7,2
2.7265,126.46,35.0,4.5,2
-4.5489,102.163,49.87,4.6,3
1.5492,127.3138,157.23,4.5,2
-3.1982,129.7902,35.0,4.8,1
-5.2755,102.3876,42.9,5.1,3
0.0791,123.6919,120.82,4.7,2
3.1711,128.1218,140.58,5.0,2
-2.9465,138.1018,65.34,4.7,1
-2.7371,138.7747,48.0,5.8,0
-4.9123,102.9571,50.13,5.0,3
5.7873,126.3024,132.35,4.5,2
-7.2374,117.4865,531.51,4.5,4
-9.329,123.6116,89.63,4.7,1
-10.4959,123.9199,10.0,4.6,1
-2.9019,138.8049,10.0,4.7,1
-8.2649,116.2794,10.0,4.7,1
5.341,96.3888,47.1,4.7,3
-7.4061,125.8215,10.0,5.2,1
-10.6512,124.4356,10.0,4.5,1
1.6914,127.3597,125.04,4.6,2
-5.783,128.2655,371.61,4.5,4
4.4612,127.7858,120.32,5.1,2
-2.6091,139.365,10.0,4.5,1
-0.9069,119.7338,27.94,4.8,2
-8.0876,130.3109,29.84,4.9,1
-4.4522,138.5514,154.73,4.5,1
-0.9417,119.7522,10.0,4.6,2
-6.698,130.4784,80.08,5.0,1
0.4441,126.3196,10.0,5.3,0
0.849,98.6214,65.24,4.6,3
-3.8017,139.3911,55.06,4.6,1
-4.8634,102.9795,63.84,4.8,3
-0.7257,133.371,32.33,5.2,0
4.5478,97.8129,10.0,5.1,3
-6.8619,131.1123,48.18,5.1,1
-7.4392,128.5016,154.1,4.5,1
-0.4009,119.7705,4.99,6.1,0
-0.2102,120.0175,10.0,5.4,0
-0.219,119.9529,10.0,4.7,2
-0.3749,119.925,10.0,4.9,2
-0.2606,119.9617,10.0,4.5,2
-0.3928,119.8282,10.0,4.7,2
-0.3464,119.8682,10.0,5.1,2
-0.2441,119.8815,10.0,4.5,2
0.8774,97.0156,35.0,4.6,3
-0.3165,119.9473,10.0,4.7,2
-0.2559,119.8462,20.0,7.5,0
-0.0175,119.7549,10.0,5.8,0
-0.8748,120.0342,10.0,5.7,0
-0.3521,120.7322,10.0,4.6,2
-1.0465,119.9346,10.0,5.8,0
-1.1072,119.4677,10.0,5.3,0
-1.4992,120.531,10.0,4.6,2
-1.597,119.3741,10.0,4.6,2
-0.6847,119.8697,10.0,5.4,0
-0.5499,119.8689,10.0,5.2,0
-1.5194,120.2872,10.0,4.9,2
-0.7806,119.9147,10.0,5.6,0
-1.5037,120.0576,10.0,5.2,0
4.757,95.8082,10.0,4.6,3
-0.514,119.6889,10.0,4.6,2
-0.4158,120.0577,10.0,4.7,2
-0.4574,119.8805,10.0,5.2,0
-1.0791,120.2577,10.0,4.7,2
-0.0491,119.8111,10.0,4.9,2
-1.1697,120.0054,10.0,4.5,2
0.0587,119.6831,10.0,5.7,0
-1.4136,119.9655,10.0,5.2,0
0.0382,119.5964,10.0,4.6,2
-0.0571,119.7788,10.0,4.7,2
-0.7567,120.5045,10.0,4.6,2
-1.4336,120.1255,10.0,4.5,2
-0.7277,120.1456,10.0,4.6,2
0.0819,119.549,10.0,5.4,0
1.1207,95.75,10.0,4.5,3
-0.699,119.934,10.0,4.9,2
-1.3217,119.7951,10.0,5.0,2
-1.4151,120.1963,10.0,4.6,2
-1.4165,120.1982,10.0,4.5,2
-1.5863,120.1808,10.0,5.0,2
-1.8124,120.2139,10.0,4.5,2
-1.5697,120.0451,10.0,4.8,2
-1.2676,120.6355,10.0,4.8,2
-1.5105,120.1827,10.0,5.1,2
-1.4592,120.2145,10.0,5.1,2
5.0692,127.1014,90.43,4.5,2
2.3554,127.2359,107.83,4.6,2
-1.2936,120.179,10.0,4.8,2
-1.3058,120.1667,10.0,4.6,2
-0.0146,119.6261,10.0,5.2,0
3.3506,126.8284,48.24,4.9,2
3.2458,126.6958,57.37,4.6,2
-9.1654,124.0673,94.18,4.6,1
-0.6825,119.8124,10.0,4.7,2
2.9436,128.5524,50.1,4.5,2
-10.5005,120.1704,10.0,5.0,1
-10.4403,120.2001,10.18,4.9,1
-0.675,119.8773,10.0,5.2,0
-10.5585,120.2424,29.0,6.0,0
-10.4747,120.1428,26.0,5.9,0
-10.5606,120.2838,37.65,4.6,1
-10.4716,120.1194,17.58,5.7,0
-1.5945,120.2234,10.0,5.1,2
0.2657,126.2442,15.67,5.1,2
-10.4909,120.2976,10.91,4.5,1
4.8971,125.4005,185.17,4.7,2
-10.5017,120.3077,35.0,4.8,1
-10.5452,120.2524,35.0,4.5,1
-1.0393,119.9488,14.62,4.8,2
-10.5463,120.2353,14.96,5.1,1
-10.6054,120.306,34.06,4.6,1
-10.4839,120.2994,10.82,4.7,1
-10.4304,120.133,16.63,5.2,1
-10.2398,120.1912,27.7,4.5,1
-10.4076,120.107,35.0,4.5,1
-10.6129,120.3073,35.0,4.6,1
-3.0594,129.9439,27.68,4.7,1
2.1064,128.6472,57.18,4.6,2
-1.3353,120.3117,10.0,4.6,2
-4.6372,101.8232,23.66,4.7,3
-1.2206,120.0649,10.0,4.5,2
1.2253,126.9293,59.7,4.5,2
-8.361,116.8232,10.0,5.1,1
-7.9314,106.8438,38.26,4.5,3
5.948,126.036,147.19,4.5,2
-4.7489,138.0036,35.0,4.6,1
-0.8983,119.9727,10.0,4.8,2
-1.1456,119.7717,10.0,5.2,0
-1.3687,120.528,10.0,4.6,2
-6.056,113.1475,567.95,4.7,4
-6.1099,113.0386,528.79,4.5,4
-2.3054,138.2696,10.0,4.6,1
-8.142,116.7787,10.0,4.5,1
1.2182,121.5563,10.0,4.9,2
-7.4525,114.4553,9.0,6.0,0
-4.9967,126.7227,15.06,5.6,0
-6.1342,130.3846,147.11,4.5,1
-10.5178,120.1093,10.0,4.6,1
-0.4366,138.462,14.71,4.5,2
1.5153,125.3094,97.15,5.2,2
4.5046,125.7218,176.25,4.5,2
-8.8352,105.3796,10.0,5.1,3
-5.4255,129.3483,230.03,4.6,1
-5.1627,129.4643,208.29,4.7,1
3.8752,95.8958,49.71,5.0,3
2.4736,96.9742,37.62,4.6,3
-6.4839,129.0424,50.79,4.7,1
-6.66,124.0645,624.97,4.6,4
-9.6817,118.7891,48.4,4.7,1
-8.2368,116.1746,10.0,4.6,1
2.1076,97.678,51.78,4.6,3
4.6929,96.1288,6.68,4.9,3
1.887,99.022,122.17,4.9,3
-2.8208,139.1169,58.0,5.5,0
-2.8246,139.1621,35.0,4.8,1
-2.9379,139.1158,53.78,4.8,1
-10.2318,123.7451,10.0,5.1,1
-8.3047,119.564,177.64,4.6,1
-7.8612,128.657,102.28,4.5,1
3.2354,127.0475,52.61,4.9,2
-6.5155,128.2714,358.83,5.6,4
3.8826,125.8373,124.51,4.5,2
5.1718,126.5278,79.7,4.8,2
5.2151,126.5301,80.87,5.3,2
-1.4006,120.6546,10.0,4.7,2
2.3663,128.6042,231.04,4.6,2
-1.6687,120.18,10.0,5.1,2
-1.7436,120.2024,10.0,4.7,2
-0.4192,120.0099,10.0,4.6,2
-1.0305,133.3479,10.0,4.5,2
-1.6077,120.4253,10.0,4.6,2
-6.1805,106.027,173.66,4.8,3
3.5791,126.5989,68.69,4.9,2
3.5645,126.9952,68.89,4.7,2
1.5257,126.3206,10.0,5.1,2
-6.9905,129.2749,198.58,4.6,1
-9.0242,115.9416,76.72,4.5,1
4.2229,126.755,35.0,4.6,2
4.174,126.5855,10.0,4.8,2
4.1174,126.5228,23.69,5.2,2
-6.3742,103.3329,11.24,4.5,3
2.6302,128.585,217.58,4.5,2
3.0311,124.3967,295.57,4.5,2
-6.883,104.934,27.3,5.1,3
2.7296,126.9763,8.84,4.9,2
2.8107,127.233,10.0,4.5,2
2.8161,128.112,53.49,4.5,2
1.7713,127.1766,79.8,4.6,2
-2.5323,138.8856,35.0,4.5,1
1.0272,96.8396,10.0,4.7,3
-6.3527,105.0518,39.73,4.6,3
-1.2217,120.5391,10.0,4.8,2
4.0836,96.9095,35.0,4.6,3
-7.0806,126.8553,343.7,4.5,4
-1.3005,120.5598,10.0,4.9,2
-1.2599,120.4924,10.0,4.9,2
-2.9068,119.4558,10.0,4.8,1
-10.1336,109.3923,10.0,4.5,3
-3.7587,101.8213,45.56,5.2,3
-2.9459,119.4901,10.0,4.7,1
0.4436,125.4667,68.79,4.7,2
-2.917,119.4776,10.0,5.1,1
-8.4141,116.4711,10.0,4.5,1
3.4889,125.3988,10.0,4.9,2
-2.9358,119.4255,10.0,4.5,1
-7.2266,123.8571,485.41,4.7,4
-2.9201,119.4083,8.97,5.2,0
5.3566,126.9267,59.99,4.7,2
-8.0784,116.7936,10.0,4.8,1
2.3144,127.1963,35.7,4.5,2
-2.9289,119.4235,10.0,5.0,1
-2.8147,119.5045,10.0,4.6,1
1.8409,126.5289,56.87,4.7,2
2.6812,128.2201,56.62,4.9,2
-5.9098,128.8191,308.05,4.7,4
-0.8292,123.4588,10.0,4.7,2
-1.8839,138.7265,10.0,5.0,1
1.5053,127.1727,124.39,5.1,2
-1.7631,120.4711,10.0,4.7,2
-4.6688,137.0973,10.0,5.3,0
-9.0392,115.4621,68.09,5.0,1
-2.9068,119.3922,14.01,5.5,0
-2.9814,119.4348,10.0,4.5,1
-2.9329,119.3294,10.0,4.9,1
-2.893,119.4115,10.0,4.8,1
1.2459,126.9419,126.1,4.6,2
3.0195,127.5395,10.0,4.5,2
1.5576,126.2716,48.6,4.6,2
2.4486,126.1579,71.28,4.6,2
5.6237,126.4789,56.02,4.5,2
0.8607,98.6135,70.97,4.7,3
-6.3556,103.5718,33.69,4.8,3
-9.8208,123.0689,65.77,4.6,1
-2.9884,119.4665,10.0,4.5,1
2.7018,126.8252,20.31,5.2,2
4.6738,125.2961,23.94,4.7,2
3.9121,126.7554,44.78,4.6,2
3.3154,128.1618,57.3,4.6,2
0.4783,126.0017,25.02,5.1,2
3.7764,97.0457,105.32,4.6,3
0.9879,125.3238,69.44,4.7,2
-6.9748,126.9286,409.93,4.6,4
-2.5639,139.6262,70.07,4.7,1
2.3152,96.2065,26.33,4.6,3
-5.1659,102.8386,42.17,4.8,3
3.2954,125.0278,49.6,4.9,2
-0.6953,131.8398,39.38,4.6,2
-6.6349,130.3425,108.41,4.9,1
-3.6569,140.0588,35.0,4.5,1
-3.9091,129.8022,49.5,4.6,1
2.778,128.5941,222.21,4.7,2
1.5799,99.5189,174.52,4.6,3
0.9076,125.3689,51.41,4.6,2
5.0584,126.8232,79.0,4.5,2
0.0545,125.1666,69.13,4.7,2
-9.1654,124.0352,98.82,4.5,1
0.3308,97.3529,10.0,4.6,3
0.2267,96.9976,9.87,5.8,0
-8.7025,109.7932,89.24,5.0,3
0.2674,97.141,10.0,4.7,3
-2.9663,100.9589,34.8,4.8,3
2.4253,124.0302,331.84,4.6,4
-7.3841,128.7065,136.0,6.4,0
0.3114,97.1848,28.59,4.5,3
0.2989,97.1243,22.8,4.6,3
-6.58,105.1608,47.51,4.9,3
0.0195,123.54,158.22,4.5,2
-6.5733,129.3308,10.0,4.5,1
-4.1283,128.7264,133.88,4.5,1
-6.8687,129.5219,157.01,4.6,1
-7.3617,128.7477,131.0,5.5,0
-9.771,111.8638,10.0,4.7,1
2.0129,126.5816,39.17,4.8,2
2.3784,126.8469,36.76,5.5,0
-6.4372,130.0442,150.71,4.5,1
-7.4914,120.009,420.34,4.7,4
0.3226,97.1598,10.0,5.1,3
0.2563,97.0517,10.0,4.8,3
4.3505,126.1567,71.75,5.0,2
-8.3948,116.0135,12.0,5.5,0
-6.3296,129.1067,177.57,4.9,1
2.4926,128.2699,135.99,4.6,2
4.7787,126.7633,24.66,4.5,2
-6.4905,128.515,339.04,4.5,4
-6.7171,106.0775,85.35,4.6,3
0.2599,97.0933,10.0,4.6,3
2.3125,96.2563,36.52,4.6,3
-3.3255,101.8314,37.08,4.5,3
-4.0764,101.58,44.88,4.8,3
-3.5268,101.5194,42.13,5.2,3
-9.0506,108.4462,10.0,4.8,3
-9.6486,112.8875,35.0,4.6,1
-8.9807,108.4533,42.15,4.5,3
0.7415,125.3622,75.7,4.8,2
-9.0262,117.7632,110.96,4.8,1
0.9249,125.3222,71.36,4.5,2
-8.6727,118.9065,134.8,4.5,1
-0.1177,124.482,46.4,5.1,2
1.3003,97.0122,12.5,4.7,3
-4.6415,102.4835,58.2,4.9,3
-1.5499,98.7547,26.98,5.2,3
2.2131,126.7205,49.15,4.6,2
-7.4054,126.8139,292.35,4.5,4
-7.4394,128.6704,121.64,4.5,1
4.9806,125.3132,192.63,4.6,2
5.5815,127.0284,35.0,4.7,2
-2.8942,119.4051,10.0,4.9,1
-3.0102,119.66,58.11,4.7,1
-2.9585,119.3639,10.0,4.5,1
-0.0399,122.9645,147.89,5.2,0
-3.5353,101.5546,51.15,4.5,3
2.8245,126.5779,66.4,4.6,2
-1.7977,136.3845,33.18,4.5,2
-8.2588,119.5348,187.63,4.5,1
-2.2583,127.4289,48.48,4.5,1
-3.9226,140.2323,61.97,6.1,0
-3.8458,120.2178,43.17,4.5,1
-3.5506,129.4079,35.0,4.8,1
-7.4285,128.9133,148.56,4.8,1
-2.7841,138.4392,10.0,4.5,1
-5.4174,129.3066,245.35,4.6,1
-2.894,138.4495,10.0,4.7,1
2.5682,95.9617,34.06,4.5,3
-0.147,124.3753,65.83,5.0,2
5.7429,125.8065,120.97,4.6,2
1.8643,127.3298,114.99,4.9,2
0.2015,120.1393,63.49,4.5,2
-8.3086,116.7887,10.0,5.1,1
-2.8395,138.3318,10.0,4.7,1
2.8446,126.0423,65.3,4.6,2
0.5568,121.7622,101.48,4.6,2
-0.3399,99.2254,67.09,4.9,3
-0.4765,99.732,98.03,5.0,3
-7.4238,128.5829,151.43,4.5,1
1.5491,126.572,54.86,4.6,2
-6.2211,130.3355,134.44,4.5,1
1.1186,126.4533,35.0,5.4,0
5.4785,125.4344,170.24,4.6,2
0.4047,122.6062,140.24,4.7,2
-8.3328,116.7449,23.16,4.7,1
5.6115,126.3137,61.96,4.5,2
-1.4498,134.0858,41.0,5.8,0
5.8983,126.9209,60.21,7.0,0
5.9998,126.9477,86.65,5.3,2
1.0774,97.3382,25.91,5.2,3
0.8165,97.3861,25.88,4.7,3
5.79,126.9342,61.44,5.3,2
-2.265,99.8337,24.83,4.8,3
-9.5353,118.9551,59.93,4.8,1
-2.677,102.349,166.0,5.7,0
1.6507,126.3645,40.15,5.1,2
0.9506,126.1752,35.0,4.5,2
-4.6223,137.7403,10.0,4.6,1
-7.0883,104.8131,35.0,4.5,3
-3.6137,140.496,35.0,4.6,1
3.1661,126.5518,35.0,4.7,2
5.8873,127.4672,35.0,4.5,2
5.7717,126.946,67.36,4.6,2
-10.5086,108.5182,10.0,4.9,3
-9.5818,122.6874,62.72,5.0,1
-2.4525,99.6762,10.0,5.1,3
-2.0544,139.0416,34.52,5.0,1
-6.5492,103.6276,30.9,4.5,3
5.5593,126.3478,57.53,4.6,2
-6.4851,103.6156,34.95,5.1,3
-9.445,117.9736,10.0,4.9,1
-3.8586,127.7562,53.37,4.7,1
-9.2993,109.585,10.0,4.5,3
-10.5994,108.5031,6.77,4.6,3
1.7936,128.6351,35.0,4.5,2
2.3908,127.3019,54.41,5.0,2
-2.6007,140.5833,10.0,4.5,1
-6.5176,130.4073,127.9,5.6,0
1.1169,127.3416,148.14,4.5,2
4.4493,126.1068,106.98,5.0,2
-0.84,127.6814,10.0,5.2,0
-1.0211,127.4736,10.0,5.0,2
-0.9009,127.6742,10.0,4.5,2
-0.8189,127.5122,10.0,4.7,2
-0.9067,127.4852,18.46,4.5,2
-0.8425,127.6422,10.0,4.7,2
-0.8253,127.6071,14.3,5.4,0
2.258,126.758,43.21,6.6,0
2.2334,126.6584,19.8,5.2,2
2.3047,126.7967,52.61,4.7,2
2.0097,126.6731,48.58,4.5,2
2.3861,126.7382,47.75,4.9,2
2.3827,126.9221,35.0,4.6,2
2.1061,126.6564,55.11,4.9,2
2.2318,126.7396,52.54,5.1,2
2.2776,126.7763,49.22,5.1,2
2.2853,126.8075,49.78,4.7,2
2.5056,126.9088,35.0,4.6,2
2.354,126.6344,35.0,5.0,2
2.4472,126.8881,43.36,5.0,2
2.3499,126.7179,43.19,4.5,2
2.3879,127.3148,54.61,4.7,2
2.4671,126.8885,35.0,4.6,2
2.337,126.7541,35.0,4.7,2
2.3324,126.7696,35.0,4.9,2
-8.1852,119.8796,10.0,4.8,1
2.3929,126.8824,41.76,4.5,2
2.4625,126.8308,41.41,4.5,2
2.381,126.8456,35.0,4.6,2
-6.9769,129.2477,145.09,4.7,1
2.205,126.6783,35.0,4.6,2
2.442,126.781,39.88,5.2,2
2.1922,126.7007,53.07,4.8,2
-7.9552,107.7593,66.25,4.7,3
-8.2027,108.9246,71.48,4.5,3
-7.8778,106.5655,35.0,5.2,3
-10.5313,108.4765,10.0,4.7,3
-8.066,130.6604,27.08,4.7,1
3.9401,95.8773,45.6,5.1,3
-9.3853,119.9551,72.93,5.0,1
5.6988,126.569,76.83,4.6,2
2.4011,126.9031,35.0,4.5,2
2.7148,127.2509,35.0,4.8,2
-3.9716,130.0359,60.46,4.6,1
-3.3932,101.2762,39.0,5.4,3
2.1705,126.7096,68.22,4.5,2
-8.0637,118.7758,10.0,4.6,1
-5.5282,131.3873,69.01,4.6,1
-6.8394,104.1856,38.71,5.1,3
-7.6083,127.4766,155.42,4.7,1
-8.4524,119.7053,91.37,4.6,1
-7.2344,129.2095,117.01,5.0,1
3.623,128.6402,10.0,5.2,2
3.6734,128.7477,10.0,5.0,2
3.6653,128.7606,10.0,4.6,2
2.3985,126.8711,58.41,4.6,2
-5.6391,105.3543,10.0,4.5,3
0.6022,126.4407,40.65,4.8,2
2.7695,126.9296,35.0,4.5,2
1.6012,126.3971,42.99,4.6,2
3.5044,128.5974,10.0,4.5,2
1.7028,99.0705,15.03,4.9,3
-5.6832,130.242,170.44,4.7,1
5.8113,126.8985,61.83,5.7,0
-7.0491,129.0075,46.62,4.9,1
-4.0039,129.032,120.05,4.6,1
3.4827,128.6337,11.0,5.5,0
3.5808,128.6696,10.0,5.1,2
-4.4618,134.0336,10.0,4.7,1
4.0359,126.0547,133.52,4.9,2
3.4907,128.8751,10.0,4.6,2
3.4879,128.8633,10.0,4.9,2
3.334,128.6882,12.26,5.2,2
3.4898,128.7925,10.0,4.6,2
2.3048,126.6983,48.3,5.0,2
5.6615,121.6336,50.9,4.8,2
2.9417,127.4209,37.08,4.5,2
4.4905,126.885,14.07,5.0,2
-10.3278,119.1521,26.0,6.0,0
-10.3438,119.1059,10.0,5.0,1
-10.3487,118.9293,10.0,4.6,1
-10.3348,119.1155,10.0,5.1,1
4.1674,126.6337,35.0,4.8,2
-10.4148,119.0165,24.0,6.3,0
-8.3389,128.6408,10.0,4.6,1
-8.3051,128.7408,10.0,4.8,1
-5.3536,129.06,245.83,4.6,1
-10.2981,118.9231,24.0,5.6,0
-10.4128,119.0016,10.0,5.0,1
-10.3602,118.7175,10.0,4.5,1
-6.21,130.3293,123.0,4.5,1
5.8646,127.0655,53.41,4.5,2
2.168,126.7014,39.63,4.9,2
-5.4962,133.7648,10.0,5.9,0
1.8681,97.8895,54.3,4.9,3
-6.5067,130.3047,90.57,5.2,1
1.7744,126.4454,59.39,4.5,2
1.6778,95.0403,10.0,4.8,3
2.3709,128.5625,225.56,4.6,2
-3.0815,129.068,16.39,4.7,1
-3.6407,139.3552,56.36,5.1,1
-9.1933,123.8364,78.63,4.6,1
5.1074,125.8868,113.84,4.5,2
-3.0859,139.6899,35.0,5.0,1
-1.8379,119.5132,10.0,4.5,2
1.3643,127.1614,98.09,4.6,2
2.9232,128.6544,226.14,4.6,2
-2.8933,100.0597,10.0,4.9,3
-6.8831,104.9001,35.0,4.8,3
0.3751,125.4444,51.04,5.3,0
1.1226,127.0574,35.0,4.6,2
-2.8248,100.0068,10.0,5.2,3
-2.8462,100.0743,20.0,6.0,0
-2.6743,100.2937,10.0,4.9,3
-2.876,100.0594,10.0,5.3,3
-2.8385,100.0637,10.0,4.7,3
-2.8764,100.1326,18.0,5.9,0
-2.7308,100.3019,10.0,5.8,0
-2.7179,100.1812,10.0,4.5,3
-2.9676,100.0958,10.0,5.1,3
-2.9395,99.8954,10.0,4.6,3
-2.8778,100.0118,10.0,4.8,3
-3.2836,130.7595,10.0,5.4,0
0.0857,124.4082,72.31,4.5,2
3.71,126.7358,42.43,4.5,2
5.0593,127.4199,109.36,4.7,2
-1.1199,100.6763,97.45,4.8,3
-7.5167,127.8679,152.19,4.6,1
-2.4128,140.2792,15.39,4.5,1
-0.4203,98.0357,19.0,5.6,0
-0.4569,97.919,10.0,4.5,3
-9.4972,106.8135,10.0,4.6,3
-0.3551,122.983,72.26,4.5,2
2.5882,128.4361,63.58,5.0,2
-3.0672,118.6147,10.0,4.8,1
-8.3174,104.0175,10.0,4.6,3
2.2909,128.7812,35.68,4.9,2
-8.2165,117.5068,184.44,4.5,1
1.4669,126.4203,40.0,5.7,0
2.2963,128.7661,21.17,5.2,2
-2.2376,138.9759,32.58,4.9,1
3.968,128.9104,10.0,4.6,2
-10.1631,118.8587,35.0,4.5,1
2.3848,128.7175,18.66,4.5,2
2.812,127.0179,35.0,4.5,2
-8.3586,121.0421,10.0,4.5,1
5.5348,95.9095,148.27,4.6,3
2.3156,128.7892,40.94,4.5,2
2.6897,127.2201,35.0,4.6,2
2.6007,127.0663,35.0,5.0,2
2.6467,127.0113,35.0,4.5,2
2.6737,127.1991,35.0,4.6,2
0.3784,126.2632,35.0,5.0,2
2.6037,126.9834,56.07,4.7,2
-4.5666,101.5612,35.0,4.6,3
-4.6728,101.4624,10.0,4.6,3
-7.2639,122.9877,570.69,4.5,4
0.2273,126.0832,35.0,4.5,2
-6.5839,128.9906,260.64,4.5,1
2.6183,127.0926,35.0,4.6,2
4.925,126.2989,89.0,4.9,2
-8.3791,116.7862,10.0,4.6,1
-2.4199,127.3198,40.87,4.9,1
-2.3928,138.2415,27.42,4.7,1
-8.989,112.591,76.09,4.7,1
-6.7647,105.803,66.89,5.0,3
2.2691,128.7363,52.68,4.9,2
-6.5854,132.7169,35.0,4.5,1
-9.2653,123.546,82.86,4.5,1
-0.0177,126.6829,50.7,4.5,2
-4.5147,101.9873,35.0,4.7,3
-2.4095,140.2014,8.85,5.3,0
-2.491,140.1889,9.72,4.7,1
1.1526,127.3921,159.5,4.5,2
-0.156,124.4118,75.32,4.6,2
-4.118,121.3536,10.0,4.6,1
1.6746,126.4169,68.26,5.0,2
-0.8942,127.2917,18.28,5.0,2
-6.5782,129.7719,198.3,4.5,1
2.2488,128.7891,35.0,4.6,2
-9.5093,112.8605,23.0,5.7,0
-5.746,129.0308,258.69,4.6,1
4.0007,128.2746,75.04,4.8,2
4.0722,128.2118,72.91,4.8,2
-7.5085,130.3341,35.0,4.5,1
-6.5648,101.774,10.0,5.1,3
0.7627,126.1896,28.33,5.5,0
-6.8719,129.2135,217.07,4.6,1
-7.6715,127.5633,170.15,4.5,1
1.0887,128.1998,10.0,5.0,2
1.6692,127.5182,117.15,4.6,2
0.4927,122.1832,97.67,5.1,2
-4.0019,129.5449,107.82,5.1,1
5.2088,127.2955,109.72,4.8,2
-8.6828,123.8886,99.76,4.8,1
-6.6573,129.8355,176.42,4.9,1
-1.2342,101.522,10.0,4.5,3
-1.3226,101.5784,10.0,5.4,3
-7.3773,105.2049,40.89,4.7,3
-8.0993,117.8743,10.0,4.7,1
-2.0515,99.8849,23.94,4.8,3
-4.5722,137.9082,31.19,4.5,1
5.0,125.3574,179.38,5.2,2
-7.2488,120.3038,558.63,4.6,4
2.8048,128.5851,227.84,4.5,2
1.0807,96.9479,10.0,4.5,3
-1.491,120.1639,10.0,4.9,2
4.3147,124.9355,58.4,4.5,2
-8.1495,122.9083,35.0,4.6,1
-2.4413,121.4417,10.0,4.8,1
5.8916,126.0326,132.17,4.5,2
-2.9069,129.6638,10.0,4.9,1
2.2532,126.8828,54.72,4.7,2
3.5358,126.9622,59.76,5.0,2
2.1246,126.6637,46.0,5.1,2
-8.1316,108.5228,103.52,4.6,3
1.8931,126.7822,44.76,4.7,2
-2.4202,140.2639,10.0,4.6,1
-3.7922,139.9435,10.0,5.2,1
-7.8089,118.9653,10.0,4.5,1
3.4865,126.4298,35.0,4.6,2
-7.5807,128.3625,151.2,4.7,1
3.8454,127.1386,35.0,4.5,2
-6.1921,130.0816,143.36,4.6,1
-9.2941,112.6658,65.17,5.1,1
-6.5726,130.635,69.74,4.9,1
1.9092,97.8292,45.54,5.2,3
1.1255,98.781,75.55,5.3,3
-5.6015,110.2922,569.07,4.8,4
0.2162,119.7834,35.0,5.0,2
-4.8932,133.8927,10.0,4.8,1
0.3754,122.2193,161.76,4.5,2
-9.1946,125.7594,10.0,4.6,1
1.2776,126.4298,37.47,4.7,2
1.2427,126.4721,52.38,4.5,2
-9.7476,124.6691,10.0,4.6,1
-7.4569,128.1387,131.83,5.1,1
1.1661,126.598,33.12,4.9,2
-1.0,126.8879,25.91,5.2,0
-7.0657,129.9257,118.29,4.8,1
-1.4616,120.1654,10.0,4.5,2
-3.115,101.9737,87.29,5.1,3
-8.4179,116.5208,10.0,5.6,0
-8.3503,116.5695,10.0,5.3,0
-9.6615,119.0513,20.94,5.0,1
-6.9207,107.0391,155.05,4.5,3
2.4277,128.5583,63.17,4.9,2
2.5794,128.9349,20.42,4.9,2
3.5989,128.1937,71.87,4.5,2
4.4186,126.0598,146.63,4.5,2
-7.6019,108.0889,107.7,4.8,3
-7.1892,116.0109,35.0,4.6,1
-8.8008,124.166,101.06,4.9,1
-7.0879,125.1151,514.68,4.5,4
-4.638,102.3409,15.44,4.9,3
2.2969,126.976,55.11,4.7,2
-1.8703,120.5238,10.0,5.5,0
1.6601,126.3955,45.0,6.1,0
-0.6414,121.8828,10.0,4.7,2
-6.9809,129.2083,160.48,4.5,1
-9.5577,123.3965,83.35,4.5,1
-5.1835,102.3771,20.98,4.8,3
-5.7864,128.7847,296.59,4.5,4
-1.8043,120.6408,10.0,4.5,2
-2.6216,128.5672,10.0,4.6,1
-3.181,130.6817,10.0,4.5,1
1.2763,132.9585,10.0,4.8,2
-6.0407,130.9129,112.65,5.0,1
0.4148,123.9474,202.01,4.6,2
-5.7485,102.7708,8.23,4.6,3
2.0643,125.9359,102.15,4.7,2
-6.5417,129.0385,10.0,4.8,1
-8.2316,119.9629,199.11,4.9,1
0.849,126.4047,59.82,4.7,2
2.0919,97.8634,61.07,4.5,3
-6.0245,131.613,73.8,4.6,1
-7.2121,114.537,21.3,4.6,1
-7.2715,114.5928,35.0,4.9,1
4.9142,126.6898,30.97,4.5,2
1.7621,127.3664,117.51,4.9,2
-7.2819,114.5218,24.05,4.5,1
4.1686,125.957,115.63,4.5,2
4.226,127.3175,35.0,4.8,2
-9.0318,119.2422,96.61,4.6,1
-2.8644,129.5653,10.0,4.6,1
5.3477,125.5533,206.38,4.5,2
-6.8285,125.0416,539.0,6.3,4
-6.8145,124.9983,548.99,4.8,4
-9.2992,124.7998,35.0,5.1,1
2.5243,128.526,220.29,4.6,2
-6.7821,103.241,10.0,4.6,3
0.8947,123.2341,45.2,4.8,2
-6.8217,130.687,118.07,4.8,1
-10.2387,123.9271,41.37,4.5,1
1.2737,127.0107,133.05,5.1,2
0.3458,98.5206,50.37,4.5,3
0.5699,135.1321,15.48,4.5,2
2.8286,128.5912,218.79,4.9,2
-8.1358,107.263,62.52,4.7,3
0.7564,126.2251,46.78,4.6,2
-3.8497,131.5497,10.0,4.8,1
-1.8146,122.5798,15.46,6.8,0
-1.8614,122.6143,10.0,5.7,0
-1.6602,122.6107,10.0,5.3,0
-1.9853,122.5189,10.0,4.7,2
-1.8533,122.5759,10.0,5.4,0
-1.8302,122.4454,10.0,4.7,2
-6.0111,129.1445,249.15,4.6,1
-1.8633,122.7054,10.0,4.6,2
-1.8534,122.6149,15.07,4.8,2
-1.9204,122.6147,9.69,4.8,2
-6.1722,129.2484,211.69,4.7,1
-1.8832,122.6442,10.0,4.5,2
-1.8347,122.5799,10.0,5.0,2
-1.7695,122.687,10.0,4.9,2
-5.0552,101.6394,26.07,4.7,3
-6.4322,130.0445,142.5,4.8,1
-2.0042,122.5692,10.0,4.6,2
-9.0907,120.505,113.33,4.6,1
1.3165,121.0624,35.0,4.5,2
-8.5657,117.5666,171.14,4.5,1
-0.0569,122.4696,259.26,4.6,2
-8.3735,116.8967,40.91,4.7,1
-5.0634,134.1073,10.0,4.5,1
0.8801,120.1443,27.2,4.6,2
-1.7738,122.6171,10.0,4.5,2
-2.9394,137.9586,42.45,4.5,1
1.6751,125.211,170.05,4.5,2
5.4348,126.8628,46.97,5.2,2
-6.7786,129.7005,159.83,4.5,1
-1.9533,122.5877,10.0,5.0,2
-7.3303,123.9333,557.66,4.6,4
-9.4864,109.538,10.0,4.8,3
-3.3985,127.2502,69.16,4.9,1
-9.1528,117.4461,100.58,4.7,1
-4.0884,103.6413,10.0,4.5,3
-1.7919,122.6271,10.0,4.6,2
3.5033,97.5485,85.19,4.6,3
2.3489,128.2855,100.29,4.9,2
2.3042,128.2339,111.87,4.9,2
2.6286,128.262,35.56,4.6,2
-1.7707,122.5894,10.0,4.7,2
-0.3313,125.8752,43.02,5.1,2
3.1961,128.3405,31.48,4.7,2
-1.9244,122.4903,10.0,5.4,0
-7.0361,125.5484,524.09,4.6,4
-4.2655,102.143,57.42,5.0,3
-4.3239,137.2251,10.0,4.9,1
-8.0177,122.6987,219.08,4.8,1
-6.2762,131.5572,58.95,5.1,1
-1.8124,122.7231,35.0,4.6,2
-7.4447,126.6778,337.23,4.6,4
-6.3352,127.7832,54.67,4.6,1
5.4389,126.1263,105.44,4.6,2
-4.1568,136.3547,28.18,4.7,1
4.1072,126.6448,35.0,5.1,2
4.1406,126.7819,35.0,4.7,2
4.4282,126.999,35.0,4.7,2
1.9846,123.6614,327.0,5.7,0
4.1023,126.7345,46.05,4.7,2
4.2548,126.7295,35.0,4.6,2
4.191,126.6952,35.0,4.5,2
4.116,126.7151,35.0,4.6,2
-6.0023,128.8337,315.56,5.0,4
4.1275,126.7054,40.86,4.6,2
-6.9193,129.912,143.86,4.6,1
-1.9922,122.5255,10.0,4.7,2
1.4372,126.4107,50.5,4.7,2
-5.3992,102.0257,35.0,5.1,3
-6.6822,130.7055,75.64,4.6,1
4.8923,128.0424,10.0,4.6,2
-1.3049,138.0788,29.84,4.5,2
2.6519,122.4557,514.31,4.7,4
-7.9194,120.2241,206.48,4.6,1
-1.7853,122.6272,10.0,4.7,2
-6.5558,129.9731,124.66,4.7,1
2.2111,127.086,90.83,4.5,2
-7.0346,104.3782,10.0,4.6,3
-1.8217,122.5925,10.0,4.6,2
-4.9878,133.9785,10.0,4.7,1
-1.6646,99.941,45.43,4.5,3
0.5778,122.3185,112.67,4.6,2
-6.5488,104.6291,35.0,5.0,3
-7.9389,107.6706,47.15,4.5,3
5.6675,125.7266,140.47,4.5,2
5.3296,125.6437,167.14,4.6,2
-2.9911,130.372,10.0,4.8,1
-7.425,121.1315,538.76,4.5,4
2.059,96.3647,10.0,4.5,3
4.2027,126.7047,39.15,4.6,2
-2.8844,126.9256,10.0,4.5,1
1.625,125.9761,48.01,4.7,2
-8.8569,112.5209,86.74,4.7,1
2.7063,128.7345,206.79,4.7,2
-3.2468,139.8705,35.0,5.0,1
-9.5083,108.5971,8.0,5.6,0
-2.9251,129.9853,10.0,4.9,1
-10.292,119.1795,10.0,4.8,1
-7.5288,128.3054,125.26,4.5,1
-9.7666,119.0432,10.0,4.5,1
-1.6608,137.097,35.0,4.5,2
-9.4217,108.6276,10.0,4.5,3
0.9859,122.0922,49.03,5.1,2
-3.1814,126.3804,10.0,4.6,1
-7.1561,129.1339,168.08,4.7,1
-5.5122,103.773,103.01,4.5,3
4.3837,126.876,35.0,4.8,2
-10.2381,108.5971,10.0,4.7,3
-0.3954,99.2069,57.0,4.6,3
1.2995,98.8721,105.52,4.7,3
1.4943,127.3666,109.49,4.5,2
-6.4772,129.0989,10.0,4.8,1
-3.3431,140.8283,17.73,4.8,1
-4.5346,139.0597,64.35,4.9,1
0.3449,125.4166,63.25,4.8,2
2.2012,128.4401,24.66,4.7,2
-10.661,124.6844,10.0,4.5,1
0.3837,122.079,190.4,4.6,2
-7.1991,129.5089,136.71,4.6,1
-5.068,100.729,10.0,4.7,3
-3.6908,101.3647,35.0,4.5,3
-8.5845,128.497,10.0,4.6,1
-8.6701,108.6861,95.34,4.7,3
-3.1935,140.4332,35.0,4.5,1
-5.2532,129.3183,226.18,4.6,1
2.1521,128.4076,73.33,5.2,2
-7.5214,127.5813,153.0,4.5,1
-6.376,130.1579,132.01,4.5,1
0.3006,122.1073,169.99,4.5,2
-7.018,129.4003,200.11,4.5,1
-7.218,117.5097,571.99,5.4,4
-6.078,122.4128,10.0,4.9,1
1.1677,97.1918,30.42,4.6,3
-9.1683,107.5991,10.0,4.6,3
-1.7584,122.6786,35.0,5.0,2
-7.6398,128.2207,207.24,4.5,1
1.5142,126.5318,35.0,4.5,2
0.6454,98.4492,43.0,5.4,3
-8.4006,119.7172,167.71,4.9,1
5.8145,126.7344,29.65,4.5,2
3.6547,96.902,45.97,4.6,3
1.6137,126.4584,45.44,4.5,2
0.378,97.7223,19.0,5.8,0
0.3426,97.7429,10.0,5.2,3
-6.8616,129.4926,191.16,5.3,0
4.1997,123.0568,562.63,4.8,4
-0.8195,100.2595,96.99,4.6,3
-1.8217,122.6049,12.92,4.8,2
-10.4492,123.6176,10.0,4.6,1
1.5723,126.4574,10.0,4.5,2
-8.1979,108.9471,70.44,5.4,0
-2.7959,139.3606,35.0,5.3,0
-2.9579,119.4304,29.61,4.5,1
-6.5763,131.8558,61.0,5.5,0
0.3411,120.4008,13.83,4.7,2
2.4556,116.9473,10.0,4.7,2
-7.546,128.538,152.87,4.6,1
-8.7672,124.1865,114.23,4.6,1
0.8438,126.5204,59.31,4.6,2
-7.0503,103.2957,36.43,4.7,3
-4.1295,131.5525,10.0,4.8,1
-5.8431,130.725,105.0,5.7,0
-10.3659,120.0323,44.97,5.0,1
-6.7913,129.2571,171.8,5.0,1
-8.7248,123.0475,96.83,5.4,0
-0.3042,99.0252,59.2,5.0,3
-8.2752,116.7112,10.0,4.8,1
-7.5308,128.9007,114.84,4.9,1
-2.2656,138.461,10.0,6.3,0
-2.2343,138.4957,10.0,4.7,1
-2.2747,138.4762,10.0,4.6,1
5.7135,126.8485,71.39,5.0,2
-2.2749,138.4419,10.0,4.5,1
-7.4039,125.4898,438.36,5.0,4
-2.2142,138.4548,10.0,4.5,1
-8.1587,108.8382,94.0,4.6,3
4.5104,127.645,126.04,4.5,2
-2.958,139.7231,35.0,4.5,1
-6.9039,129.3298,154.71,4.5,1
-5.6385,103.8351,62.26,4.5,3
5.9355,126.2996,35.0,4.5,2
-10.4999,113.6549,10.0,4.6,1
-1.5081,120.359,10.0,4.5,2
-2.7756,138.5675,28.0,6.1,0
-2.6662,138.61,10.0,5.0,1
-2.6586,138.5828,10.0,5.1,1
-2.6661,138.5982,10.0,4.8,1
-2.7108,138.5967,14.22,4.7,1
-2.766,138.601,10.0,4.7,1
-2.6516,138.5035,10.0,5.3,0
-2.6685,138.4743,10.0,5.1,1
-6.4078,129.1692,212.0,7.3,0
-6.4149,129.178,206.17,5.2,1
-2.6194,138.5377,22.24,5.6,0
-2.6727,138.6031,10.0,4.7,1
-2.6441,138.7252,10.0,4.6,1
-2.6519,138.5215,10.0,5.3,0
-2.8119,138.6082,10.0,4.6,1
-2.6354,138.3617,10.0,4.5,1
-2.7144,138.3226,10.0,4.6,1
-2.6581,138.6378,10.0,5.0,1
-0.1196,124.4328,87.1,4.7,2
-6.3081,129.1133,215.49,4.6,1
-2.6846,138.5564,10.0,4.8,1
-2.6733,138.4669,10.0,4.7,1
-5.6221,110.3373,550.19,4.9,4
-2.6836,138.4384,10.0,5.7,0
-2.6549,138.4072,20.0,5.5,0
-2.6249,138.4571,10.0,4.6,1
-2.7418,138.4321,10.0,5.5,0
-2.6437,138.4437,10.0,4.7,1
-2.6382,138.3811,10.0,4.7,1
-2.6657,138.5868,10.0,4.5,1
-2.4323,138.527,10.0,4.6,1
-2.5985,138.6505,10.0,4.5,1
-2.6416,138.5872,10.0,5.0,1
-6.6928,129.1658,202.04,4.5,1
1.6636,126.348,42.38,4.6,2
-2.7665,138.5449,10.0,4.7,1
0.2479,124.1685,118.67,4.5,2
-4.7667,103.0806,69.02,4.6,3
-2.657,138.4979,10.0,5.0,1
-2.6691,138.5501,10.0,4.7,1
-6.2745,125.1305,551.82,4.6,4
-6.2655,131.2935,37.25,4.6,1
-2.7265,138.4667,10.0,4.7,1
-0.6853,121.8911,25.59,4.5,2
-2.65,138.3405,10.0,5.2,0
-2.6024,138.4431,10.0,4.7,1
1.4016,127.3708,164.66,4.8,2
-2.6625,138.4255,10.0,5.0,1
1.8092,127.3981,106.53,4.5,2
-6.1666,103.8661,35.0,4.5,3
-2.6021,121.7686,10.0,4.7,1
-1.9358,122.6044,35.0,4.9,2
-8.1929,108.9633,78.89,5.1,3
-6.5178,127.9929,326.24,4.5,4
-1.8686,120.6009,10.0,4.6,2
-7.3862,128.4379,139.3,5.1,1
2.255,96.1307,21.39,4.8,3
-3.0629,119.3536,28.62,4.5,1
0.8456,123.1273,62.3,4.6,2
2.2941,126.8697,56.15,4.7,2
0.8152,126.9431,43.17,4.6,2
1.7469,126.5418,10.0,4.5,2
-3.2727,100.7089,25.59,4.6,3
-2.2439,100.5689,35.0,4.9,3
-5.984,130.8534,101.17,5.2,1
-9.4179,113.996,51.83,4.6,1
0.5126,126.1892,35.0,6.9,0
0.3932,126.3678,35.0,4.6,2
0.5851,126.3205,28.99,4.6,2
0.5186,126.3479,35.0,4.9,2
0.515,126.0669,13.15,4.7,2
0.5037,126.1392,35.0,4.6,2
0.4753,126.2158,35.0,4.5,2
0.5156,126.1801,35.0,4.9,2
0.3891,126.2577,35.0,4.6,2
0.4631,126.3163,35.0,4.5,2
0.5586,126.2037,35.0,4.5,2
0.5347,126.1943,30.53,4.9,2
0.6277,126.3386,35.0,4.6,2
0.5609,126.2965,35.0,4.6,2
0.4205,126.2151,35.0,4.6,2
0.5385,126.5051,35.0,4.5,2
0.5876,126.3966,35.0,4.5,2
0.4576,126.2088,35.0,4.6,2
0.7997,126.518,34.12,5.1,2
0.5206,126.2373,35.0,4.8,2
0.7071,126.3586,19.12,5.0,2
0.449,126.2508,10.0,5.6,0
-2.5251,138.5058,35.0,5.1,1
0.504,126.3042,28.0,5.9,0
0.4932,126.3842,15.59,5.0,2
0.4497,126.3433,28.82,4.5,2
0.5563,126.3455,19.4,4.8,2
0.4656,126.3704,35.0,4.5,2
0.4489,126.3418,36.06,4.9,2
0.5232,126.3638,32.23,4.6,2
0.3908,126.4875,43.24,4.5,2
0.6866,126.3567,19.74,5.2,0
0.6652,126.3891,28.07,5.0,2
-0.1405,125.0514,43.64,4.6,2
3.9141,128.4104,36.2,4.6,2
2.2036,97.1174,43.31,4.8,3
1.3755,126.2482,34.81,4.6,2
-5.8092,130.9004,123.54,4.9,1
0.4817,125.9285,35.0,4.9,2
-0.5598,127.7034,10.0,5.0,2
-5.1363,134.2316,30.7,4.6,1
0.2218,126.4271,17.86,4.7,2
-0.2916,124.2773,58.95,4.5,2
3.9715,128.3335,35.0,4.7,2
0.2497,126.3655,39.44,4.8,2
0.5457,126.4669,10.0,5.2,0
3.9824,128.3947,35.0,4.5,2
-8.9356,117.8057,49.79,5.3,0
0.4588,126.3433,21.38,4.5,2
3.9535,128.3769,35.0,4.9,2
-0.5858,128.034,18.98,7.2,0
-0.8226,128.0932,10.0,4.8,2
-0.6892,128.2031,10.0,4.9,2
-0.8721,128.484,10.0,4.5,2
-0.8452,127.4328,10.0,4.7,2
-0.7621,128.2066,10.0,5.1,2
-0.7432,128.2468,10.0,5.1,2
-0.7801,128.2108,10.0,4.5,2
-0.782,128.2205,10.0,4.8,2
-0.8042,127.7214,10.0,5.8,0
-2.2736,100.8227,59.26,4.8,3
-0.8452,128.4543,10.0,4.9,2
-0.9093,128.3602,10.0,4.8,2
-1.6122,135.7054,29.53,5.1,2
-0.5473,127.9686,10.0,5.2,0
-0.4445,127.8489,10.0,4.6,2
-0.7827,128.3284,10.0,4.5,2
-0.4773,127.8482,10.0,5.8,0
-0.5049,127.8238,10.0,4.5,2
-0.8309,127.6784,7.03,4.5,2
-0.5777,127.9077,10.0,4.6,2
-0.5365,127.8826,10.0,4.7,2
-0.7684,127.826,10.0,4.6,2
-0.497,127.7989,10.0,4.8,2
-0.6198,127.6777,10.0,4.7,2
-0.4812,127.9877,10.0,5.0,2
-0.6852,128.1812,10.0,4.6,2
-0.7466,127.5562,10.0,4.6,2
-0.6073,127.6121,10.0,4.7,2
-0.7402,127.7302,10.0,4.5,2
-0.6753,127.5961,10.0,4.7,2
-2.3891,100.3657,35.0,4.5,3
-0.5555,127.868,10.0,4.6,2
-0.7945,128.3655,10.0,4.5,2
-0.6181,127.6992,10.0,4.5,2
-0.5057,127.9491,10.0,5.1,2
0.4219,126.1312,35.0,4.5,2
-0.5316,127.8334,10.0,4.7,2
-2.2249,99.8282,16.89,4.9,3
-0.8562,128.2448,10.0,4.5,2
-0.516,128.0551,10.0,4.5,2
-0.6854,127.7239,10.0,5.0,2
-0.4061,127.9666,10.0,4.5,2
-0.8027,127.7705,10.0,4.5,2
-10.0326,118.8085,35.0,4.9,1
1.3682,127.0946,130.2,4.7,2
-0.4407,127.8396,10.0,5.2,0
-0.3546,127.8232,10.0,4.6,2
-0.8211,127.5419,10.0,4.5,2
-6.4805,129.7884,169.87,4.5,1
-8.8208,114.487,80.0,5.7,0
-0.4416,127.9725,10.0,4.5,2
-0.6752,127.6241,10.0,4.7,2
0.3524,126.2266,27.12,4.7,2
0.262,126.3281,41.12,4.5,2
-0.9721,128.7826,11.28,5.0,2
-7.2794,123.1941,544.66,4.7,4
0.2592,126.3421,30.88,4.8,2
0.3078,126.3041,23.35,5.3,0
5.3155,124.7996,373.82,4.5,4
-4.3537,133.8233,10.0,4.6,1
0.2179,126.3647,35.0,4.7,2
2.9012,125.7691,129.31,4.5,2
-2.825,128.2103,10.0,4.9,1
3.9615,126.431,54.3,4.5,2
-5.3721,133.9915,10.0,4.6,1
-0.4404,127.8632,10.0,4.7,2
0.2085,126.4357,35.0,4.5,2
5.2456,123.5157,581.26,4.5,4
-7.0933,130.3621,71.13,4.5,1
-4.3167,102.7088,64.76,4.5,3
-3.3845,131.0155,25.91,5.1,1
-3.3218,131.048,16.0,5.4,0
-2.0229,129.0064,35.0,4.7,2
-3.5774,131.1496,35.0,4.6,1
0.5824,126.1749,10.0,4.5,2
-8.5946,114.3134,102.51,5.0,1
-10.6813,114.9655,10.0,5.2,1
-2.9973,119.4001,10.0,4.5,1
1.5966,96.5346,10.0,4.5,3
-7.4558,121.054,578.11,4.9,4
-6.6216,129.8038,157.36,4.6,1
-8.2439,108.4688,68.45,4.6,3
-0.0062,125.8187,41.34,4.6,2
0.0204,125.7162,41.68,4.8,2
-10.2216,123.1884,61.38,4.7,1
-6.9777,106.1423,58.47,5.1,3
5.4977,127.3885,10.0,4.8,2
-2.7267,100.2171,35.0,5.1,3
4.1477,126.7876,10.0,4.5,2
-9.7714,118.0015,35.0,5.0,1
2.8933,127.2238,35.0,4.5,2
-2.9918,129.3697,19.82,4.9,1
-0.7656,133.2522,41.78,5.2,0
1.1089,121.7875,37.69,5.0,2
4.9791,125.9637,95.55,4.5,2
-7.2822,104.7907,49.0,6.9,0
-7.3411,128.7921,166.57,4.5,1
-2.6387,138.5319,10.0,4.6,1
-0.2732,122.9363,100.67,4.6,2
-2.6894,99.8556,10.0,4.7,3
1.8203,127.4622,116.52,4.7,2
-6.0251,102.2358,10.0,5.0,3
2.1492,126.5617,35.0,5.2,2
-0.5325,127.8289,10.0,4.5,2
-0.6052,127.8375,10.0,4.6,2
5.1411,123.9475,486.21,4.5,4
5.9636,125.8788,84.6,4.6,2
-7.7664,104.3107,10.0,4.5,3
1.3847,118.9874,19.88,4.7,2
-3.6634,140.2883,87.71,4.7,1
1.1551,126.3421,35.0,4.7,2
3.3542,99.3032,217.35,4.5,3
-5.5803,129.5582,21.22,5.4,0
-6.4711,130.1175,168.07,4.5,1
0.3695,120.1407,567.27,4.6,4
-8.4024,110.1978,95.38,4.5,3
-0.7389,99.391,36.69,5.2,3
-7.11,102.9053,10.0,5.1,3
-7.2212,102.9444,10.0,5.0,3
-8.7627,114.554,90.24,4.7,1
-9.6418,113.9469,35.0,5.0,1
-9.6245,113.8996,35.0,4.9,1
-5.1215,134.2517,28.58,4.7,1
-0.644,127.6399,35.0,4.5,2
5.9869,126.0739,141.61,4.7,2
-9.6244,113.9544,49.18,4.9,1
-9.7401,114.0321,43.64,4.9,1
-3.0402,101.3029,46.52,5.2,3
-8.7509,124.0898,105.33,4.7,1
-8.4519,128.3307,10.0,4.7,1
1.9878,128.2309,117.3,4.6,2
-6.7124,104.8617,54.26,4.5,3
2.8761,126.6621,65.87,4.9,2
-5.9362,102.3016,10.0,4.5,3
4.0278,127.2256,50.9,4.5,2
-3.4806,101.5874,58.51,4.9,3
-9.5124,123.9903,94.88,4.5,1
-5.5143,131.2846,92.05,4.5,1
2.6779,97.4938,70.57,4.5,3
3.9362,125.9415,126.11,4.5,2
-0.8254,128.3311,10.0,4.9,2
1.6605,126.4335,44.83,4.5,2
-7.2708,129.1173,129.11,4.9,1
5.9646,126.9566,134.21,5.1,2
-8.0097,117.1634,10.0,4.8,1
-2.4008,139.2447,35.0,4.9,1
-7.9083,108.9742,103.77,4.5,3
-5.1116,102.3497,41.31,4.6,3
-1.82,120.6466,55.05,4.8,2
1.2165,122.1677,51.99,4.6,2
-4.5943,123.9154,20.0,4.8,1
0.0128,123.7874,123.74,4.5,2
-4.3177,135.6591,10.0,4.5,1
0.7311,126.1281,45.77,4.6,2
-7.4961,130.3541,35.0,4.9,1
-7.7995,127.1271,90.25,4.6,1
-8.6528,119.567,152.1,4.5,1
5.1648,125.2456,56.17,4.7,2
2.3695,126.6687,35.0,4.6,2
5.3812,126.7628,98.02,4.8,2
0.3566,126.3246,26.6,4.6,2
2.1891,96.6533,32.16,4.9,3
-6.141,130.197,168.52,4.9,1
-8.2568,118.5406,154.78,4.5,1
2.2881,126.8118,47.51,5.0,2
-6.2189,130.4754,131.85,4.5,1
-9.3884,107.9787,10.0,4.6,3
0.2944,126.1741,35.0,5.0,2
0.233,126.2728,49.06,4.8,2
-6.4064,103.6499,35.0,5.1,3
-2.8823,138.7497,35.0,4.9,1
3.927,126.4981,69.34,4.7,2
-0.1307,130.5616,10.0,5.1,2
-0.0178,130.7625,10.0,4.7,2
2.424,126.9049,54.03,4.5,2
-9.1446,113.4456,71.59,4.7,1
4.0301,126.6816,27.0,5.6,0
4.0825,126.6693,35.0,4.6,2
4.0428,126.7764,35.0,4.5,2
4.0638,126.6959,35.0,4.6,2
1.911,128.2406,123.17,4.6,2
2.6934,127.1573,35.0,4.7,2
2.7724,127.4794,60.54,4.5,2
-0.3197,132.376,10.0,5.1,2
-0.9809,128.5368,4.45,5.8,0
-1.0895,128.5408,10.0,4.8,2
0.4079,125.508,55.3,4.7,2
0.2797,122.2413,148.35,4.5,2
4.1106,125.9301,139.35,4.6,2
-0.5948,127.9948,32.49,5.1,2
5.4093,126.4529,23.45,5.6,0
5.3927,126.2414,76.65,4.8,2
-6.0708,111.8422,610.0,6.1,4
-6.0586,111.8877,617.56,5.9,4
-6.0534,111.8968,636.41,5.6,4
-9.0607,124.0944,75.76,4.5,1
3.5778,127.2307,45.77,5.0,2
-7.0104,106.1703,72.17,4.5,3
-0.9506,128.6537,10.0,5.0,2
-8.372,116.6377,10.0,4.6,1
-1.0237,128.5799,10.0,4.6,2
-5.7819,102.4659,27.17,4.6,3
-6.4584,130.4262,65.0,5.9,0
5.4095,126.4563,35.0,4.9,2
-6.835,102.6297,10.0,5.1,3
4.3944,128.4237,10.0,4.7,2
-7.1115,125.1051,558.37,4.6,4
-8.2926,119.8044,180.81,4.6,1
-3.4528,128.3699,12.26,6.5,0
-3.6266,128.4155,10.0,5.5,0
-6.0558,103.6131,35.0,4.6,3
-7.3428,105.8531,57.52,4.5,3
5.6756,126.5481,73.0,6.2,0
5.7191,126.6121,77.4,4.5,2
5.7288,126.6493,90.42,4.6,2
5.6612,126.5023,75.74,5.3,2
5.6107,126.6665,70.38,4.5,2
2.6249,127.1076,34.82,4.8,2
2.625,127.064,52.96,4.5,2
-8.1016,120.0824,193.46,4.7,1
-4.8321,130.5267,86.29,4.5,1
-3.4719,130.9546,10.0,4.5,1
-2.6611,138.8727,10.0,4.9,1
-4.8274,133.6763,33.18,4.6,1
-3.6295,128.5003,10.0,4.7,1
-2.6511,138.3412,13.26,5.6,0
-2.6521,138.3374,19.18,4.5,1
-2.7788,138.4972,25.73,4.7,1
1.3842,125.6967,57.93,4.7,2
5.7239,126.5239,83.15,4.6,2
-5.362,133.7808,10.0,5.0,1
-5.7948,133.7861,10.0,4.6,1
-6.7259,129.9182,153.16,4.5,1
5.6884,126.5506,74.67,4.5,2
0.9728,126.6418,46.61,4.6,2
-0.3699,99.0329,76.23,4.6,3
-6.0212,102.2658,19.96,5.1,3
4.6166,96.4186,25.18,4.5,3
5.3468,124.7935,10.0,4.5,2
-3.5866,128.2207,35.0,5.2,0
-3.6092,128.2807,49.85,4.6,1
-6.8575,129.5202,144.3,5.0,1
-0.5752,127.212,74.03,4.6,2
-4.7161,125.2902,482.83,4.7,4
-7.1288,129.3297,152.47,4.7,1
-5.0515,130.8658,62.79,4.6,1
-3.5263,139.7716,35.0,4.8,1
5.6523,126.5608,84.89,4.5,2
2.4516,128.8078,39.94,4.6,2
-0.1053,124.7668,30.0,5.1,2
-8.2152,109.3923,89.44,4.5,3
-4.482,101.1948,19.0,5.9,0
-4.516,101.126,10.0,4.7,3
5.5661,126.4543,94.82,4.6,2
-4.4307,101.1328,10.0,5.1,3
0.3907,126.4185,18.94,4.6,2
1.21,96.8944,10.0,4.6,3
1.3243,96.9811,10.0,5.0,3
-3.2722,130.6935,10.0,4.7,1
1.3907,97.2475,34.45,4.6,3
-6.2673,130.9154,99.48,4.5,1
-7.522,127.8765,10.0,4.9,1
5.1919,126.1402,75.17,5.0,2
3.3252,126.734,35.0,4.8,2
-6.5198,130.0822,163.1,4.5,1
4.8699,125.2621,53.14,4.8,2
-7.1147,129.1337,166.22,4.8,1
-6.1589,130.6764,71.07,4.5,1
-8.7197,127.5117,10.0,5.1,1
2.0491,128.6009,58.65,4.6,2
-9.7353,112.7839,35.0,4.5,1
-2.8466,138.3592,35.0,4.6,1
1.2482,126.2842,35.0,4.7,2
-3.3215,135.8855,10.0,4.6,1
-2.638,99.5867,10.0,5.2,3
-2.4464,99.7474,10.0,4.9,3
-9.5279,118.2619,67.5,4.8,1
-2.8648,138.3001,10.0,5.5,0
-2.6354,138.3336,10.0,4.5,1
-2.7388,138.3077,10.0,5.2,0
-2.836,138.3759,10.0,4.8,1
-2.6,138.2202,10.0,5.1,1
-2.5348,138.2837,10.0,5.0,1
-2.6672,138.3345,10.0,4.6,1
-2.379,99.8617,18.13,5.1,3
-2.747,138.3589,10.0,4.7,1
-2.589,138.2835,21.65,5.1,1
-2.617,138.3188,10.0,5.0,1
-2.5251,138.2207,10.0,4.6,1
-2.6728,138.2989,10.0,5.4,0
-2.6277,138.2862,24.96,5.0,1
-2.7031,138.4273,10.0,4.6,1
1.7089,97.0494,35.0,4.6,3
-2.6155,138.483,10.0,4.7,1
1.1847,124.2015,241.0,5.6,0
-2.5835,138.3828,10.0,4.8,1
-5.7053,110.7557,547.74,4.8,4
1.9052,126.4201,35.0,4.6,2
0.1579,127.5805,132.66,4.5,2
3.0507,127.1014,58.1,5.0,2
-9.065,111.4035,67.64,4.5,1
-8.0725,119.9885,10.0,4.6,1
2.455,128.4246,59.92,5.0,2
-5.5839,110.125,536.14,4.6,4
2.4582,126.2459,56.7,4.8,2
5.7333,126.688,99.16,4.6,2
-0.0309,123.1042,145.14,4.9,2
-2.6976,138.3075,21.86,4.9,1
5.5687,126.613,96.03,4.5,2
1.4688,126.3864,25.52,5.4,0
-7.3655,119.9711,407.07,4.6,4
3.2144,126.9855,28.09,5.6,0
3.2082,127.1397,35.0,4.8,2
3.4844,126.851,35.0,4.8,2
-9.1434,106.9878,10.0,4.6,3
-7.7631,108.062,91.71,4.8,3
-3.2659,130.6917,47.21,4.7,1
3.258,127.0499,45.8,4.5,2
-3.3042,130.6583,38.71,4.9,1
4.2322,124.633,304.67,4.5,2
-7.5486,127.5343,166.52,4.7,1
-7.563,128.5971,130.28,4.5,1
2.8557,96.154,23.88,4.6,3
5.7862,127.0702,47.53,4.7,2
-7.2833,129.1525,132.41,4.6,1
-2.8345,127.8739,20.05,4.7,1
-7.8039,127.9156,134.6,4.5,1
1.8998,126.5154,53.22,4.8,2
5.6575,126.3289,89.97,5.1,2
4.8532,127.4224,59.52,5.1,2
0.2366,127.0306,114.45,4.7,2
-7.6339,108.1636,93.5,4.5,3
1.9493,96.7955,29.44,4.7,3
-8.5529,118.326,129.33,4.6,1
-7.0729,128.8192,10.0,4.7,1
-6.539,131.0705,23.77,5.0,1
1.4237,127.0499,106.92,5.3,0
0.9653,123.609,29.78,4.7,2
-3.5538,128.3027,48.3,5.2,0
0.8354,97.3996,26.88,5.0,3
1.494,126.5416,35.0,4.7,2
-6.4921,104.3306,47.11,4.5,3
-9.8509,122.1537,35.0,4.5,1
-1.8917,100.2621,63.9,5.0,3
-8.1944,114.8863,10.0,4.6,1
-8.1384,114.8864,10.0,5.0,1
-1.2338,120.8435,10.0,4.6,2
-8.1672,114.9059,10.0,4.6,1
1.6213,126.4156,33.0,7.1,0
1.6751,126.4154,24.67,5.3,0
1.4643,126.4289,35.0,4.9,2
1.3794,126.6982,35.0,5.0,2
2.1824,127.6308,35.0,4.9,2
1.4277,126.3304,35.0,4.8,2
1.5477,126.4797,35.0,4.8,2
1.6576,126.4725,27.33,4.8,2
1.6694,126.3303,9.26,5.0,2
1.5706,126.4303,13.23,4.7,2
1.6558,126.4662,19.79,4.6,2
1.6853,126.5104,13.73,4.6,2
1.67,126.5153,4.68,5.1,2
1.4326,126.3608,27.23,5.8,0
1.7129,126.3241,35.61,4.6,2
1.7014,126.5245,27.82,4.6,2
1.7161,126.2994,35.0,5.1,2
1.771,126.5475,19.73,4.6,2
1.7832,126.4513,20.04,5.3,0
1.4799,126.2419,35.0,4.5,2
1.6755,126.3555,35.0,5.3,0
1.5002,126.5082,32.3,4.9,2
1.6494,126.6124,26.15,4.6,2
1.6978,126.4384,35.0,5.3,0
1.5666,126.4733,35.0,5.1,2
1.5361,126.4161,23.0,6.0,0
1.6301,126.3979,35.0,4.9,2
1.4633,126.3889,24.22,5.4,0
1.1234,125.1415,35.0,4.6,2
1.4849,126.4537,17.91,5.1,2
1.6227,126.466,20.16,5.4,0
1.6478,126.4812,35.0,4.7,2
1.5556,126.4383,35.45,5.1,2
1.6611,126.4392,24.84,5.0,2
1.5173,126.2635,21.96,4.6,2
1.5009,126.2179,35.0,4.6,2
1.7059,126.3833,15.41,5.3,0
1.5892,126.3978,21.26,5.2,2
1.5819,126.3309,24.57,5.5,0
1.5365,126.5518,24.45,4.6,2
1.6803,126.4248,35.0,4.8,2
2.2416,126.6494,35.0,4.8,2
1.6158,126.3469,35.0,5.9,0
1.6678,126.4271,35.0,5.4,0
1.7342,126.4681,35.0,5.0,2
1.7426,126.4717,35.0,4.7,2
1.6303,126.4527,35.0,4.5,2
1.6147,126.5172,35.0,5.1,2
1.7052,126.4534,35.0,4.9,2
1.527,126.3623,35.0,4.9,2
1.5723,126.3421,35.0,5.0,2
1.6517,126.3391,35.0,5.0,2
1.6849,126.4328,35.0,4.9,2
-6.9169,130.4238,99.89,4.5,1
1.5616,126.4165,35.0,4.5,2
-4.4498,101.777,47.98,4.8,3
1.5608,126.5195,35.0,5.0,2
1.5443,126.4142,35.0,5.1,2
1.369,126.4314,35.0,4.5,2
1.6414,126.4267,35.0,4.9,2
1.65,126.532,35.0,4.7,2
-3.453,128.3304,35.0,4.5,1
1.572,126.4373,30.91,4.7,2
1.4689,126.4574,35.0,5.1,2
-1.0737,127.257,35.0,4.8,2
1.6583,126.54,35.0,4.9,2
1.617,126.6715,35.0,4.7,2
1.5673,126.3349,24.0,5.9,0
-3.325,137.536,61.65,5.1,1
0.4667,123.899,159.22,4.7,2
1.694,126.4724,35.0,4.8,2
1.1768,126.4393,35.0,4.5,2
1.501,126.4327,35.0,4.7,2
1.4308,126.328,35.0,4.5,2
4.8592,127.4862,115.02,4.5,2
-3.8392,128.8716,26.92,4.6,1
1.7493,126.6035,31.35,4.6,2
1.8092,126.4794,35.0,5.0,2
1.7534,126.5772,26.18,4.7,2
0.3997,122.0518,192.96,4.7,2
-0.6513,133.9912,12.73,5.0,2
-2.5074,138.7397,35.0,4.9,1
-7.426,128.1353,132.89,4.7,1
-7.0139,129.7017,142.42,4.6,1
1.6396,126.5693,46.15,4.8,2
1.6341,126.5431,35.0,5.0,2
5.1233,127.149,78.03,4.8,2
1.7272,127.515,130.08,4.6,2
-5.2035,103.6705,69.84,4.8,3
-0.9122,97.8908,10.0,4.7,3
-7.0295,129.9783,78.38,5.0,1
-8.897,123.9883,92.62,5.0,1
-3.0864,127.3869,47.95,4.6,1
5.8869,126.803,102.88,4.6,2
1.7986,96.9809,16.78,4.7,3
-6.0687,130.0883,10.0,4.6,1
-7.3594,128.7407,127.64,5.3,0
1.6436,132.8148,5.0,6.2,0
1.5321,132.8235,10.0,4.9,2
1.6523,132.7107,10.0,5.1,2
1.646,132.8677,10.0,4.5,2
-7.5536,124.9357,353.72,4.8,4
-0.9072,97.9212,10.0,5.0,3
1.5009,126.2639,39.19,4.8,2
-4.1402,129.528,126.4,4.9,1
-0.0811,124.3058,64.77,4.9,2
1.6357,132.8506,10.0,5.1,2
1.5783,132.9043,10.0,4.8,2
1.6697,132.9068,10.0,4.5,2
-3.7327,128.7867,32.43,4.5,1
-1.066,127.5805,56.33,4.6,2
-6.4295,129.0445,211.42,4.5,1
-6.7447,128.6547,217.84,4.8,1
-10.2438,113.7797,10.0,4.6,1
-0.1757,124.5698,49.35,5.1,2
5.838,125.4935,219.41,4.6,2
-4.3726,131.2315,46.56,4.8,1
-4.5951,102.2283,42.56,4.7,3
1.8042,99.1131,7.62,4.5,3
2.3058,128.6004,61.81,4.6,2
-4.5366,130.686,61.81,4.7,1
1.4532,126.321,20.64,4.5,2
1.4579,126.2085,38.61,5.1,2
1.5573,126.2414,12.03,5.3,0
0.5977,122.2725,93.65,5.0,2
1.5413,126.5473,35.0,4.5,2
0.5676,99.8691,167.24,4.7,3
-6.6852,130.0276,167.39,4.9,1
5.4493,95.5805,10.0,4.6,3
-6.2161,128.6762,303.21,4.5,4
5.3809,126.754,44.0,5.6,0
-7.3648,128.3925,131.53,5.0,1
-7.5472,103.6989,10.0,4.6,3
-8.8985,110.0984,35.0,4.9,3
5.0605,123.174,580.57,4.5,4
1.9848,126.7828,25.79,4.9,2
-0.2306,124.469,69.22,5.0,2
-0.1204,125.2274,31.08,5.0,2
-6.5898,130.0798,140.57,4.9,1
3.1421,128.2409,69.91,4.8,2
1.5208,126.2447,10.51,4.5,2
-7.1304,129.0926,164.4,4.9,1
-0.88,127.9268,18.99,5.3,0
-4.8581,133.9561,10.0,4.5,1
1.4432,126.3037,10.0,4.6,2
1.743,127.2823,110.77,5.4,0
0.4464,96.4022,10.0,4.7,3
0.045,123.9303,115.63,4.5,2
4.4345,123.013,574.32,4.5,4
-7.1634,106.0015,60.53,4.8,3
-5.9742,129.9961,205.43,4.6,1
-2.9702,100.9448,40.28,5.6,0
1.6408,126.429,41.83,4.7,2
1.7417,127.2713,108.82,4.6,2
-7.3971,128.8235,141.93,4.5,1
-7.626,127.4458,175.56,4.6,1
-3.2336,139.626,44.75,4.7,1
-5.1045,134.0165,10.0,4.5,1
-6.2974,103.7581,35.0,4.5,3
-7.3571,129.9159,47.2,4.6,1
-1.5272,120.1421,10.0,4.6,2
4.0247,126.7843,10.0,5.1,2
-7.7539,106.8581,61.54,4.7,3
-2.0879,100.618,64.65,4.5,3
5.2338,126.01,94.05,4.8,2
-6.194,130.2875,148.63,4.6,1
5.4065,127.1434,75.06,4.7,2
-6.4046,130.219,147.71,4.9,1
1.4714,128.5553,55.42,5.0,2
3.1561,123.8185,409.28,4.5,4
4.6867,125.3963,23.96,5.4,0
4.6789,125.3481,10.0,4.7,2
4.6994,125.2555,10.0,4.7,2
1.1925,120.7313,34.18,4.8,2
-6.3339,130.1259,133.27,4.5,1
-7.8197,122.8645,271.34,4.5,1
-5.7527,124.976,10.0,5.6,0
2.7644,128.7084,38.66,4.8,2
4.601,125.9609,104.05,4.5,2
-8.5966,112.5814,84.15,4.7,1
-6.4004,129.165,211.43,4.9,1
-3.5419,131.2852,10.0,4.6,1
-6.4039,103.9835,49.36,4.6,3
-8.0046,107.4548,38.11,4.9,3
5.2285,125.357,32.31,4.9,2
2.3481,96.3575,17.0,6.3,0
1.7831,127.317,108.28,4.8,2
-1.5516,99.4165,28.42,4.6,3
-3.2375,138.0075,60.22,4.5,1
5.152,125.3401,39.02,4.8,2
-7.1657,129.4211,134.23,4.5,1
5.6411,126.0558,101.69,4.5,2
-7.7621,107.9297,69.72,4.6,3
2.455,128.7542,44.45,4.6,2
2.5218,128.8493,35.0,4.6,2
2.3599,127.5717,75.14,4.9,2
-8.3441,128.8291,10.0,4.8,1
3.4845,128.0829,44.04,4.8,2
-7.5117,127.8219,142.23,4.5,1
-0.0522,122.8892,146.17,4.5,2
-6.6778,127.4896,406.36,4.5,4
2.0684,97.8435,62.48,4.9,3
-8.8779,134.7023,10.0,4.6,1
-7.3984,128.8135,125.16,4.5,1
5.1951,127.1069,81.31,4.5,2
5.7093,126.1112,127.41,4.5,2
5.7103,126.9697,139.89,4.5,2
-10.3733,124.0857,10.0,5.7,0
-1.9172,138.832,28.74,4.9,1
-10.4167,124.0807,10.0,4.5,1
-9.1328,123.7967,79.91,5.0,1
-10.472,124.1355,10.0,4.9,1
-4.9258,102.7843,52.78,4.6,3
-7.9618,129.0411,35.0,4.5,1
5.8823,125.9211,161.43,4.7,2
-1.0821,127.4172,10.0,4.9,2
-1.0637,127.447,10.0,4.7,2
5.6773,126.1981,104.33,4.8,2
-6.5892,132.098,10.0,5.1,1
4.6132,95.0658,53.54,4.9,3
0.3013,124.9058,79.11,4.5,2
-2.8405,139.3363,44.0,6.0,0
-2.8268,139.3693,35.0,4.9,1
-7.0864,107.682,133.84,4.5,3
-0.1042,123.8025,121.72,6.1,0
-3.4432,130.8868,20.08,4.6,1
-7.8967,103.6932,10.0,4.5,3
0.6338,99.8039,159.16,4.7,3
-2.9935,139.6258,35.0,4.5,1
-8.7741,119.2113,122.82,4.5,1
2.2436,96.2926,10.0,4.9,3
1.9458,126.5923,10.0,4.5,2
3.7694,123.0149,547.18,4.5,4
-9.8774,116.9285,35.0,4.9,1
-3.3205,127.8992,53.31,4.7,1
-6.2615,130.4661,104.35,4.8,1
-5.132,102.3652,34.91,4.8,3
3.0825,97.7082,89.81,4.5,3
-7.0226,129.1558,151.26,4.5,1
0.7136,126.3292,27.01,5.8,0
1.4836,126.445,35.0,4.5,2
0.9493,127.3309,163.6,4.6,2
-1.9129,99.9044,35.0,4.8,3
-6.4065,129.1523,221.39,5.0,1
-2.9219,101.0474,62.54,5.0,3
5.642,126.6651,88.83,4.5,2
4.2195,126.8242,35.0,4.5,2
0.5935,120.6428,68.89,4.7,2
-1.612,134.0077,35.74,4.9,2
-5.1117,134.2057,27.07,5.0,1
-0.2249,125.2118,35.0,4.9,2
-9.3678,114.0841,60.72,4.6,1
-2.9017,139.6059,42.95,4.6,1
5.9479,126.1821,153.56,4.8,2
-2.908,140.5412,35.0,4.7,1
-2.9566,130.3296,27.97,4.8,1
-5.6659,133.5171,18.79,4.5,1
-6.0817,113.0778,592.42,6.2,4
-6.2187,113.1164,592.59,4.5,4
-2.8517,139.1381,35.0,4.9,1
-7.2417,122.455,530.32,4.5,4
5.4543,126.5692,19.0,6.0,0
5.4894,126.559,10.0,5.1,2
5.3365,126.2525,10.0,4.7,2
1.4169,128.1731,25.09,4.5,2
5.5142,126.4618,10.0,4.7,2
-9.6665,117.6614,35.0,4.9,1
5.4425,126.5413,10.0,4.7,2
-2.6378,138.333,30.35,5.0,1
5.4464,126.3644,10.0,4.6,2
-2.8766,129.9354,10.0,5.6,0
-3.0044,129.9147,10.0,4.9,1
-2.9981,129.9482,10.0,4.5,1
-6.4863,130.3998,103.39,4.5,1
4.9199,126.8193,88.11,4.6,2
-1.7306,138.8521,31.57,4.9,2
-6.768,105.2929,52.32,4.9,3
1.4307,98.9564,97.75,4.7,3
2.0407,126.5166,35.0,4.5,2
0.796,98.9405,84.13,4.5,3
-7.4357,128.4961,157.79,4.5,1
-6.6215,130.6068,80.06,5.2,1
-4.4505,102.8111,62.89,4.7,3
3.5477,126.7507,45.51,4.7,2
1.6105,126.6462,35.0,5.4,0
2.861,127.1274,35.0,4.7,2
1.5716,126.5765,47.38,4.5,2
-3.3456,131.4839,10.0,5.6,0
-7.3064,105.9296,47.04,4.7,3
-4.5035,138.7207,145.57,4.8,1
-6.312,130.2501,130.47,4.5,1
5.4115,125.9403,102.94,4.5,2
2.0804,127.9601,47.95,4.9,2
-0.0968,122.9857,122.04,4.6,2
-0.6314,127.4988,30.11,4.6,2
2.7562,125.773,135.4,4.5,2
5.5936,125.5446,201.06,5.4,0
1.4999,132.7519,10.0,4.5,2
-6.7432,129.6245,163.21,5.4,0
-7.4707,107.6526,67.11,4.6,3
-5.1177,102.7216,35.0,4.9,3
-8.1132,129.0865,30.74,5.2,1
5.4617,126.7769,13.5,5.1,2
5.5251,126.6597,23.5,5.3,2
5.2525,126.8273,35.0,4.9,2
5.4215,126.6995,50.54,4.6,2
0.4553,126.3766,30.99,4.5,2
-0.1918,125.189,21.24,5.3,0
-0.2256,125.2078,17.78,4.9,2
5.3096,126.5474,35.0,4.6,2
-3.0685,130.2336,10.0,4.6,1
-1.9759,99.8891,35.0,4.8,3
0.6612,126.1625,35.0,4.5,2
5.2249,125.4432,71.5,4.5,2
5.527,126.5032,75.41,4.5,2
-7.4887,131.1196,54.0,6.0,0
-7.3746,128.8225,126.84,4.5,1
0.5518,121.8316,91.02,4.7,2
-8.6486,118.2662,142.55,4.6,1
3.7953,125.7576,122.0,5.5,0
1.8642,126.447,61.95,5.0,2
-10.4912,116.4622,10.0,4.9,1
-6.92,126.8752,445.18,4.5,4
2.02,126.7602,53.62,4.6,2
-3.9512,103.1177,93.99,5.1,3
0.3372,126.1868,10.0,4.5,2
3.14,128.1906,136.91,5.3,0
5.4112,126.4695,51.82,4.5,2
5.3393,126.6105,48.81,4.6,2
-6.2076,114.46,502.2,4.6,4
0.8912,126.5393,43.59,4.6,2
4.2851,125.707,158.98,4.5,2
-3.4641,99.6068,10.0,5.0,3
-5.2218,102.2091,35.0,5.0,3
-7.384,128.6984,165.2,5.2,1
-1.7187,100.4116,63.16,4.6,3
-6.7852,106.6813,10.0,5.0,3
-5.837,103.0187,26.18,5.7,0
3.8659,97.2542,110.48,5.0,3
0.4329,126.3473,55.11,4.6,2
-5.1659,134.1774,10.0,4.5,1
-8.9032,110.5406,94.26,5.2,3
3.5541,125.824,150.07,4.5,2
2.9935,126.4086,44.65,4.6,2
-0.0109,124.2961,97.58,4.7,2
-8.3139,108.9137,76.53,4.5,3
2.7621,128.3076,47.49,4.9,2
-7.9913,122.7299,251.95,4.5,1
0.925,126.7603,71.92,4.5,2
-6.6633,127.5565,410.91,4.5,4
-10.4691,118.2924,10.0,5.2,1
-7.4774,106.7727,72.78,4.5,3
-1.1964,126.4508,21.18,5.0,2
-7.0405,129.1327,177.48,4.8,1
3.0199,128.0385,101.76,5.4,0
3.0282,127.9944,107.85,4.6,2
-6.7286,109.4694,241.95,4.6,3
-8.8713,117.8051,36.3,4.6,1
3.4007,126.4723,62.64,4.9,2
-2.8436,129.8068,10.0,4.8,1
1.6646,127.2192,117.16,4.5,2
-6.1925,104.669,68.52,4.5,3
1.3369,121.9752,10.0,5.0,2
-3.1119,135.6309,30.78,5.1,1
5.1328,125.2016,46.75,4.5,2
-6.1237,130.6874,94.77,4.7,1
-2.1096,140.7773,10.0,4.6,1
-2.1531,140.7807,10.0,4.6,1
-1.9598,140.6026,10.0,4.6,1
2.6754,128.2779,137.91,4.7,2
2.8439,128.1246,129.57,4.7,2
-2.9755,139.0242,35.0,4.8,1
5.316,127.5683,10.0,4.9,2
-2.85,130.0348,10.0,4.5,1
5.5669,125.0521,59.0,6.1,0
-2.9395,139.2393,35.0,4.6,1
-9.2645,113.595,58.27,4.5,1
-2.9507,139.1131,38.0,5.7,0
-2.94,139.1602,35.0,4.5,1
-2.8715,139.4311,110.51,4.5,1
0.1747,133.5831,10.0,5.6,0
-10.9995,115.2578,10.0,4.5,1
-10.9835,115.2504,10.0,4.6,1
-1.7144,120.1775,10.0,5.9,0
-7.137,124.0206,590.05,5.3,4
-9.648,112.9979,49.18,4.5,1
-9.2256,123.8071,102.95,4.9,1
4.6593,125.3566,25.59,4.7,2
-7.6283,127.4063,167.45,4.8,1
-7.9349,125.7018,16.19,5.5,0
-6.9666,126.6195,408.54,5.2,4
1.623,126.548,35.0,4.6,2
-8.5361,113.1477,127.08,4.9,1
1.395,126.4381,42.0,6.0,0
0.9558,118.7371,52.98,4.6,2
1.4023,126.4522,53.5,4.6,2
-5.2757,102.5135,35.0,4.9,3
1.6621,126.693,51.65,4.5,2
1.4629,126.4463,39.64,4.8,2
2.8254,95.753,35.0,5.0,3
-9.3569,112.3524,52.07,4.9,1
-7.5258,128.5592,144.54,4.6,1
-1.432,120.0652,9.22,4.5,2
-1.524,134.1041,37.2,4.6,2
-7.1638,129.2884,144.57,4.6,1
5.5945,126.4894,79.86,5.1,2
2.3949,127.2288,92.19,4.9,2
-6.6694,130.4918,86.84,4.5,1
3.7387,125.388,42.32,5.0,2
0.2905,126.8276,38.49,5.0,2
-3.2442,128.8654,10.0,4.5,1
2.6927,128.2636,57.92,4.9,2
3.7874,96.1114,52.45,4.7,3
1.1073,126.6767,41.39,5.7,0
-8.3013,116.9375,10.0,4.7,1
2.4111,128.3582,65.63,4.5,2
0.366,125.4773,57.99,4.8,2
4.0231,126.1659,16.73,5.1,2
1.2597,126.3959,31.41,4.6,2
-3.0464,136.2787,40.6,4.6,1
-6.4231,129.3019,203.96,4.5,1
5.6607,126.8983,57.96,5.1,2
1.5751,97.0459,29.03,4.5,3
-7.0361,104.9452,35.0,4.7,3
-4.4942,102.5006,50.92,4.8,3
4.6331,127.007,61.8,4.8,2
-0.056,123.7186,54.06,4.5,2
-2.9811,130.0352,10.0,4.6,1
1.2299,99.5995,17.12,5.0,3
-7.0922,106.9026,59.57,4.8,3
-2.3984,138.7274,58.9,5.1,1
4.6376,127.0414,78.04,4.8,2
-0.4857,127.7973,10.0,4.5,2
-6.2306,104.6938,48.5,5.0,3
-7.0446,129.1847,169.35,4.5,1
1.9439,126.9468,97.8,4.5,2
-3.8751,140.3116,35.0,4.5,1
-2.0211,138.8976,22.98,4.5,1
1.3944,126.4404,46.04,4.9,2
-6.7761,129.7852,96.0,6.8,0
1.7971,127.3745,101.73,4.7,2
-8.6843,114.5627,95.26,4.5,1
-7.0159,129.4925,168.39,5.1,1
-9.601,125.0443,10.0,4.6,1
1.8087,127.4596,136.84,4.6,2
-7.4434,128.0588,169.74,4.6,1
-6.0613,129.9115,10.0,5.7,0
-7.001,104.9956,35.0,4.5,3
-6.2817,129.9092,10.0,4.5,1
4.4885,127.7075,110.71,4.5,2
2.2436,95.0397,10.0,4.6,3
-8.576,118.3763,131.64,4.5,1
1.6086,126.3845,39.89,4.7,2
-6.736,129.6303,160.4,4.6,1
1.5005,127.1348,134.65,4.6,2
-6.4563,128.2097,321.37,4.8,4
-6.4547,103.5123,29.48,4.5,3
-8.2661,120.6138,189.04,4.6,1
-6.7932,127.3042,10.0,4.5,1
4.6843,127.7316,85.37,4.5,2
1.521,126.4919,42.93,4.8,2
-1.0995,126.9809,10.0,4.5,2
-4.6611,103.5046,59.44,4.7,3
-7.8311,107.9644,61.62,4.9,3
-4.8598,129.5065,202.42,4.5,1
5.4325,124.9871,54.35,4.8,2
5.5681,126.5474,116.96,4.5,2
5.2037,126.1163,90.28,5.0,2
3.5555,126.9191,45.75,4.8,2
3.5468,126.819,50.12,4.6,2
-2.7933,129.5966,10.0,4.5,1
-2.4966,99.5207,10.0,5.1,3
-7.1501,129.1447,124.95,5.3,0
-7.8402,107.9778,64.88,4.8,3
0.3786,125.5488,66.73,4.5,2
-4.2989,127.3723,261.18,4.5,1
5.0124,125.3914,184.95,4.6,2
-5.8434,102.9038,23.78,4.5,3
-6.2191,130.6945,129.14,4.9,1
-5.904,102.8051,10.02,4.7,3
-5.9213,102.793,10.0,4.7,3
4.071,126.5197,28.61,5.6,0
-3.0358,129.9155,10.0,4.7,1
-6.2769,130.8615,86.96,4.6,1
3.1089,128.0562,55.73,4.5,2
-7.3497,130.0329,61.93,4.6,1
2.0584,121.3877,10.0,4.5,2
4.6282,127.5602,119.97,4.8,2
-7.0058,116.9276,639.88,5.7,4
5.6736,95.17,10.0,4.6,3
2.911,128.248,112.86,6.4,0
1.2181,126.277,29.82,4.9,2
-8.1267,121.7144,10.0,4.5,1
4.5025,95.1232,50.69,4.5,3
-6.3154,103.7211,23.33,5.2,3
2.1838,128.6624,42.33,4.8,2
1.7181,97.053,11.52,5.2,3
-0.3705,124.2367,68.79,5.0,2
-9.2645,123.0591,95.63,4.6,1
-4.2241,126.3437,10.0,5.7,0
-6.5644,129.8142,142.33,4.8,1
-2.5751,101.152,41.7,5.1,3
-7.6532,130.2386,35.0,4.6,1
-0.0646,126.0938,10.0,4.5,2
1.0142,126.8408,120.88,4.6,2
-0.685,122.426,14.58,4.9,2
-6.3373,131.5597,74.61,4.5,1
-8.2219,105.3274,10.0,4.6,3
5.0962,126.8684,102.71,4.5,2
-8.2197,105.2385,10.0,4.6,3
5.5691,127.0783,58.3,4.8,2
-8.9048,117.8202,44.32,5.1,1
3.5867,125.6522,62.47,4.7,2
-1.9784,137.3549,32.94,4.6,1
-8.9885,124.1321,71.8,4.9,1
2.3028,128.4261,35.0,4.9,2
2.7367,128.2659,120.3,4.9,2
-3.1796,125.9606,55.58,4.8,1
1.3092,128.068,116.22,5.2,2
-2.7948,122.2814,10.0,4.9,1
1.5964,128.4382,10.0,4.5,2
-7.0855,105.7059,35.0,4.5,3
-1.3845,100.501,73.53,4.6,3
-0.6165,99.178,51.37,4.8,3
-2.7093,122.2145,10.0,4.9,1
5.7719,95.2875,10.0,4.5,3
-9.7384,127.6623,10.0,4.5,1
-3.9331,129.4578,92.0,4.5,1
-8.9211,110.9498,86.6,5.2,3
3.6607,126.6642,45.53,4.6,2
3.4004,128.7693,10.0,4.5,2
2.8652,126.5036,68.59,4.6,2
0.0368,123.7866,109.0,6.0,0
-5.6242,130.6826,73.97,4.6,1
-2.847,129.724,10.0,4.7,1
-8.35,121.4732,183.3,4.9,1
-5.329,140.5006,10.0,4.8,1
5.5213,126.2211,96.54,4.5,2
-3.3404,100.9372,38.11,4.5,3
-8.9337,112.3761,94.19,4.8,1
2.6569,128.2619,69.61,4.8,2
-1.1494,97.9992,10.0,4.6,3
-6.7411,131.8512,10.0,4.7,1
3.5844,126.9811,10.0,4.5,2
1.4808,126.5964,11.21,4.9,2
-5.6023,110.6893,533.76,6.6,4
-6.3146,106.3418,96.85,5.1,3
-9.3688,107.4747,10.0,4.8,3
-7.1327,103.4231,10.0,5.0,3
-7.011,124.9728,509.36,4.7,4
1.406,97.177,35.0,4.8,3
-5.9088,105.8121,170.98,4.5,3
-6.7368,132.3374,10.0,4.5,1
-6.5678,128.7492,240.9,4.6,1
-6.2381,104.4638,19.33,4.5,3
0.2119,120.7944,109.25,4.8,2
-4.7265,102.7487,61.37,4.6,3
-5.1936,102.3645,35.0,4.6,3
-2.8641,126.9752,54.72,4.7,1
-2.8817,125.8273,10.0,4.6,1
-6.7358,130.4685,88.98,4.8,1
-7.5558,128.1579,137.22,4.6,1
-6.5552,106.3621,106.19,4.6,3
-2.0524,123.0804,10.0,4.6,2
3.1091,129.2554,10.0,4.6,2
-7.2022,120.4556,584.48,5.7,4
-6.0933,131.206,35.0,4.6,1
1.8503,128.2451,98.15,4.5,2
-8.2689,119.5136,183.19,4.6,1
-3.3916,100.1174,10.0,4.5,3
-4.7707,134.1365,19.45,4.8,1
2.5333,126.9871,35.0,4.7,2
2.5844,127.0376,35.0,4.8,2
4.389,127.3102,10.0,4.6,2
2.138,126.7281,35.0,4.8,2
-10.4048,116.0904,10.0,4.6,1
4.0892,122.7157,586.53,4.8,4
0.5464,98.5885,54.1,4.9,3
4.5049,124.4337,52.2,4.5,2
-5.5045,104.9966,57.49,4.6,3
-7.5425,107.0704,50.22,4.6,3
-4.7151,122.8717,24.87,4.5,1
-10.6356,108.0218,10.0,4.6,3
-7.4736,103.5853,10.0,4.6,3
-3.4399,131.1422,10.0,5.3,0
-7.142,129.7001,75.35,4.5,1
-0.0773,122.9188,148.71,4.5,2
3.4151,125.8508,120.3,4.5,2
-4.5387,102.6997,54.26,4.9,3
-0.3408,124.3637,40.98,5.0,2
5.6063,125.8512,129.3,4.9,2
-7.8263,130.3415,10.0,4.7,1
0.1887,126.1505,51.41,4.6,2
-6.6513,131.2591,17.7,4.6,1
-7.0347,125.4789,528.21,4.5,4
0.3885,126.216,52.24,4.8,2
-5.6764,130.7815,74.89,4.6,1
-1.7797,100.1815,48.42,5.1,3
-9.6826,119.1179,10.0,5.1,1
1.6757,127.2841,124.05,4.5,2
-2.3718,140.2736,20.98,4.6,1
3.7417,95.6192,43.5,4.6,3
4.7138,127.4135,76.39,4.8,2
-3.8635,126.2062,10.0,5.3,0
2.3019,126.7272,51.44,4.9,2
-7.9265,104.26,10.0,4.6,3
1.0281,97.0007,10.0,4.5,3
1.3023,128.0489,126.81,4.6,2
-9.6563,119.0873,10.0,5.1,1
-9.788,118.8832,10.0,4.9,1
-9.5261,118.952,10.0,5.1,1
-9.5575,118.8831,10.0,4.5,1
-9.7806,118.9102,10.0,4.7,1
-9.7772,118.992,10.0,5.3,0
-9.7568,118.9477,10.0,4.8,1
-9.7431,118.9526,10.0,4.5,1
-9.6376,118.9854,10.0,5.0,1
1.0756,124.7399,120.77,4.9,2
-9.767,118.9725,11.84,4.6,1
1.3829,126.4415,46.36,4.6,2
-9.6788,118.9168,10.0,5.0,1
-9.729,119.017,10.0,4.6,1
-9.3254,110.2462,10.0,4.6,3
2.5043,126.8626,44.96,4.5,2
-10.0579,107.903,10.0,4.6,3
1.3943,126.4031,34.64,5.1,2
-0.2938,125.2883,28.62,4.5,2
-10.4428,124.3686,10.0,5.1,1
-9.3551,114.0643,54.48,5.0,1
4.6843,125.5347,139.45,4.9,2
1.6852,122.9813,422.66,5.2,4
-0.2874,125.2368,35.87,4.7,2
-3.1859,130.7319,13.36,4.9,1
-4.3217,101.1347,22.0,6.8,0
-4.2069,101.2411,26.0,6.9,0
-4.4556,100.9629,15.2,5.0,3
-4.2866,101.1362,10.0,4.6,3
-10.3719,124.2131,10.0,4.9,1
-3.5189,133.7686,10.0,4.8,1
-6.2478,103.707,35.0,4.6,3
-4.2119,100.7127,10.0,4.5,3
-6.71,123.4649,624.0,6.9,4
-6.8725,123.483,632.85,4.9,4
-1.5194,120.0765,10.0,4.7,2
5.8871,126.9189,129.68,4.5,2
-4.0808,100.9938,21.0,5.5,3
-4.3256,100.9671,10.0,4.6,3
-9.6512,108.1878,10.0,5.2,3
-9.7631,108.2223,10.0,4.8,3
-4.0266,101.0051,10.0,5.0,3
3.8146,126.4388,75.17,4.5,2
1.5017,126.4852,8.1,4.9,2
-6.6509,104.6542,35.0,5.0,3
5.3488,126.3757,117.62,4.9,2
2.0817,127.162,47.52,4.6,2
-6.2575,130.2315,135.05,4.5,1
1.2725,126.3894,35.83,4.9,2
-4.3469,101.039,10.5,4.9,3
2.2878,127.3453,98.64,4.9,2
0.9794,120.1178,646.8,4.7,4
-2.1858,138.2002,37.46,4.5,1
-5.2345,140.4074,10.0,4.7,1
-3.3641,130.8802,10.0,4.9,1
3.0422,95.7332,8.51,4.9,3
-3.0628,130.4111,10.0,4.5,1
-5.4215,140.3495,10.0,4.9,1
-4.4773,102.5889,54.02,5.3,3
-6.3336,129.1936,234.9,5.2,1
-9.1553,108.8799,34.83,4.8,3
3.5357,126.7295,52.5,4.5,2
1.6686,126.5621,30.0,5.9,0
-2.1683,102.2886,212.8,4.7,3
1.5117,126.6418,43.54,4.6,2
-3.5858,140.3876,61.3,5.0,1
0.1291,124.3489,91.09,4.7,2
-7.5306,128.3616,167.25,4.5,1
-9.2205,106.9647,10.0,4.7,3
-4.8713,129.7548,172.0,5.9,0
-7.4979,106.6258,53.14,4.5,3
-1.14,98.4985,10.0,5.0,3
-6.369,129.88,112.92,4.7,1
4.177,126.6843,10.0,5.4,0
4.1773,126.6447,17.0,5.7,0
4.3136,126.7098,10.0,4.6,2
3.6351,125.639,10.0,4.6,2
4.1837,126.6772,10.0,4.6,2
4.2388,126.8384,35.0,4.5,2
-7.2862,127.9165,130.16,4.5,1
-7.1769,124.9832,486.05,4.5,4
-7.6385,126.8541,42.38,4.5,1
-8.7569,110.7962,101.25,4.9,3
-7.8207,104.301,10.0,4.5,3
-9.7204,119.0697,35.0,4.5,1
-6.5559,104.5223,10.0,4.7,3
0.5543,124.294,140.44,4.5,2
-7.3028,128.4334,138.93,5.2,1
4.1161,126.5636,10.0,4.6,2
4.2231,126.9901,10.0,4.9,2
-2.0784,119.2332,25.64,4.8,2
4.2449,96.6838,121.54,5.0,3
4.3196,126.8404,35.0,4.9,2
4.2708,126.7767,10.0,4.6,2
-6.8054,129.2836,140.64,4.6,1
-5.9847,104.8427,63.25,4.5,3
-7.0485,129.5831,167.53,4.5,1
-4.6983,130.7209,73.91,4.5,1
-6.7598,129.3659,185.0,5.5,0
-2.3713,139.8361,35.0,4.9,1
2.3965,126.8005,31.9,5.2,2
4.9746,96.4066,10.0,4.5,3
5.594,126.5519,96.77,4.6,2
-6.8396,129.3703,174.38,5.0,1
-0.5486,127.6862,10.0,4.6,2
2.1682,126.751,56.49,4.7,2
-7.1949,125.1012,517.89,4.5,4
1.9334,127.3663,110.56,4.6,2
-10.5281,117.547,14.71,4.7,1
-6.6193,129.7548,159.32,4.5,1
0.0677,99.5396,96.01,4.7,3
-6.9237,129.3644,188.55,4.5,1
-9.6539,119.0589,10.0,4.9,1
-9.4575,119.3452,10.0,4.5,1
-5.5847,133.3591,10.0,4.6,1
-6.3612,130.738,101.97,5.0,1
5.549,127.0154,49.49,4.5,2
-7.8051,128.6593,73.43,4.5,1
-6.4463,102.386,10.0,4.5,3
3.7081,126.7826,35.06,4.6,2
-9.6117,119.3493,60.5,5.0,1
2.2822,124.6995,215.4,4.8,2
-3.0712,130.3657,10.0,4.7,1
0.7799,127.1251,105.13,4.9,2
-0.9294,122.1778,43.67,4.8,2
-9.5429,112.8673,35.0,4.8,1
-10.4732,121.011,54.21,4.9,1
0.3473,125.7977,40.18,4.9,2
-6.4575,130.1278,112.02,4.8,1
-3.2357,101.7964,67.3,4.6,3
-6.0429,122.5845,10.0,5.4,0
2.1519,97.6279,55.58,4.5,3
-5.9723,122.6409,10.0,4.6,1
-4.6967,102.6442,53.68,4.8,3
4.7367,95.6557,89.03,4.5,3
4.5136,96.6797,154.36,4.7,3
1.1089,126.8504,65.2,4.7,2
-7.5155,128.0784,156.07,4.5,1
3.9446,95.8698,48.83,4.9,3
-3.1911,100.3854,19.0,5.2,3
-3.219,100.3448,17.4,4.9,3
5.2201,127.1252,95.12,4.5,2
-3.3243,100.182,10.0,4.5,3
-5.3438,101.7944,27.84,4.5,3
-3.3215,100.2724,10.0,5.1,3
-6.016,130.4191,143.94,4.6,1
1.5181,126.5133,56.26,4.7,2
-3.6376,134.9033,10.0,4.5,1
4.5845,125.8235,171.6,4.6,2
-3.2572,100.3043,23.44,5.2,3
-3.2733,100.4042,10.0,5.2,3
-6.0607,122.5599,10.0,4.5,1
-0.322,122.9749,82.14,4.5,2
2.4984,128.2266,51.6,4.7,2
-3.4021,100.2732,10.0,5.1,3
1.0329,126.8952,73.46,4.6,2
-3.3684,100.2706,20.0,5.6,0
-3.3848,100.3604,17.03,5.5,3
-3.4004,100.3667,10.0,4.9,3
-0.0993,125.6775,10.0,4.7,2
2.8873,96.3169,35.0,5.1,3
-3.3354,100.3183,19.29,5.1,3
-7.1522,126.6203,370.52,5.2,4
-9.8682,108.7247,10.0,4.8,3
-8.074,108.1948,60.09,4.5,3
-3.6478,100.1457,10.0,4.6,3
1.7051,127.3739,115.12,4.5,2
-0.1288,124.6699,59.19,4.6,2
2.8499,96.2557,35.0,4.6,3
-3.2496,100.492,25.79,4.9,3
-3.4134,100.3197,10.0,4.8,3
0.8661,122.9162,313.9,4.5,4
4.4935,125.5546,71.25,4.5,2
-6.7441,106.3321,10.0,4.5,3
3.8121,125.7417,145.22,4.6,2
5.9384,126.016,145.96,4.5,2
-2.0577,138.257,39.31,4.8,1
-7.9934,107.9821,43.0,5.4,0
-0.745,123.2371,17.8,4.7,2
-6.542,130.0707,130.93,4.6,1
-6.9653,129.1459,169.39,4.6,1
0.5373,121.5452,99.85,5.1,2
-2.2318,119.079,22.0,5.4,0
-0.2149,124.4602,47.46,5.3,0
-0.2294,124.4819,59.65,4.7,2
1.3981,126.4018,47.99,4.5,2
-4.82,128.1626,10.0,4.6,1
-6.6956,125.1462,563.97,4.5,4
-9.1872,108.9762,37.09,4.5,3
-5.2225,102.4699,25.95,4.8,3
-7.0719,129.2407,182.0,5.7,0
2.4407,126.8444,10.0,4.6,2
-3.9159,101.7149,10.0,4.6,3
-3.4262,131.1283,12.22,5.3,0
0.2348,97.895,35.0,4.9,3
-0.1306,124.4872,64.12,4.5,2
-6.7301,129.7848,123.59,4.5,1
0.1745,97.7686,10.0,4.8,3
-7.3061,106.1567,39.99,5.2,3
-7.4073,126.1196,423.3,4.5,4
-7.4648,128.415,144.01,4.9,1
-1.9753,119.3221,10.0,4.9,2
-3.559,131.3466,10.0,4.5,1
-3.4918,131.2773,10.0,4.5,1
0.9208,125.2443,40.91,4.5,2
-6.2677,104.0546,33.63,4.9,3
5.1413,127.4669,84.92,4.5,2
5.3981,126.4416,39.65,4.9,2
0.323,121.6146,142.22,4.6,2
2.5767,125.8518,88.82,4.7,2
-9.2897,118.1354,73.13,4.8,1
4.1129,122.724,573.59,5.1,4
5.7913,95.5619,10.0,5.1,3
2.4532,98.4197,95.73,4.5,3
-6.6942,105.1651,67.88,4.6,3
0.3427,126.2926,40.78,4.6,2
-2.6706,99.3227,19.0,6.0,0
3.1781,122.6741,532.15,4.5,4
-1.8125,100.4271,15.62,5.2,3
-4.7116,102.8644,84.1,4.7,3
-6.0388,122.5792,10.0,4.5,1
-1.5205,99.6004,42.54,4.6,3
-2.7207,128.9562,10.0,4.5,1
-2.7692,128.7604,10.0,5.0,1
-0.7271,127.6609,19.75,4.7,2
-6.2534,133.2254,10.0,4.5,1
5.326,125.4895,178.41,4.7,2
-4.2943,102.1241,46.23,4.9,3
-0.7772,127.6515,10.0,4.6,2
-2.6552,127.4963,10.0,5.3,0
-6.5983,130.6114,84.77,4.6,1
-0.7533,127.6858,33.44,4.5,2
-2.4034,128.0999,10.0,4.8,1
0.4292,98.2731,15.8,4.5,3
1.897,127.4291,108.92,5.0,2
2.7982,96.2926,47.84,4.5,3
-2.6376,127.5152,10.0,4.8,1
2.4556,128.6479,220.79,4.6,2
-7.4618,127.2002,10.0,4.5,1
-2.7124,127.5063,10.0,4.5,1
-3.7462,131.4451,10.0,4.5,1
0.5281,120.4045,10.0,4.6,2
-7.3706,106.605,57.56,4.5,3
-5.0092,102.93,55.23,5.2,3
-6.6679,128.226,302.27,4.5,4
-6.0057,128.5153,307.65,4.6,4
2.1978,128.4518,71.19,4.7,2
3.067,96.1349,27.89,5.0,3
-5.4501,130.4064,10.0,4.6,1
2.7045,128.4968,227.34,4.6,2
1.9008,128.4573,53.05,4.6,2
-8.4811,123.3038,156.68,4.5,1
-5.519,105.0618,81.05,4.5,3
-5.5557,105.1152,83.73,4.5,3
-3.4416,123.2663,13.35,5.2,0
-7.1172,129.1078,170.8,4.6,1
4.5375,97.723,10.0,4.8,3
3.2875,98.2137,128.21,5.0,3
-7.6124,123.8756,330.29,4.5,4
-6.5401,127.3818,405.49,4.8,4
-9.1213,124.0302,105.05,4.6,1
-7.7162,128.324,91.67,4.9,1
-9.6685,124.7671,10.0,4.5,1
-8.8064,127.3894,35.46,4.6,1
0.345,126.2315,52.17,4.5,2
2.1825,126.1306,78.3,4.5,2
1.5799,126.2457,26.34,5.0,2
1.6135,126.4611,10.0,4.5,2
-7.883,116.9204,278.58,4.6,4
0.752,126.0432,90.48,4.7,2
-8.9999,123.4945,95.11,5.3,0
-6.6485,131.036,76.86,4.9,1
-9.7769,109.6882,10.0,4.7,3
-3.9121,102.0026,53.36,4.5,3
4.4477,96.3535,6.23,4.9,3
-10.8905,113.2626,10.0,4.5,1
-5.0316,102.0777,41.0,4.5,3
-6.5216,102.3583,10.0,4.7,3
5.1789,125.4212,14.0,6.1,0
5.622,124.8874,65.97,4.5,2
5.2167,125.2755,26.14,5.0,2
5.1358,125.4547,65.34,4.5,2
5.8773,126.8627,74.63,4.8,2
-8.7466,106.1764,10.0,4.7,3
-6.5543,130.2077,129.31,4.5,1
0.2789,125.0019,53.32,5.1,2
5.1239,125.3912,62.35,4.9,2
-6.8984,129.4698,152.77,4.6,1
1.6443,126.889,24.98,4.9,2
-3.2968,140.0766,63.73,4.7,1
-6.4543,130.4931,85.21,4.8,1
5.2168,125.2675,53.32,4.9,2
-4.5288,101.0519,10.0,4.5,3
-4.8566,132.5063,10.0,4.6,1
-4.4368,101.0761,10.0,5.2,3
-0.152,124.4423,31.48,5.2,0
-7.7554,127.2806,163.0,4.5,1
5.0517,125.9067,100.59,5.1,2
-9.1954,119.7556,40.96,5.0,1
0.6531,126.3687,29.84,4.8,2
-0.2665,125.1326,57.65,4.9,2
4.5718,126.8416,96.27,5.0,2
-0.1917,124.5061,51.77,5.1,2
2.2903,126.71,52.01,4.5,2
-10.3351,120.251,35.0,4.6,1
4.8575,127.057,47.42,4.5,2
2.7743,127.2958,57.77,4.8,2
5.2608,125.2951,35.0,5.3,2
5.1557,125.3588,45.84,4.5,2
5.1959,125.2661,48.21,4.8,2
4.5266,125.7779,163.75,4.6,2
-6.7969,126.6763,422.97,4.5,4
-2.3988,127.4859,16.42,4.8,1
-6.6907,127.4441,393.38,4.5,4
5.1231,125.2581,54.13,4.6,2
-6.246,103.8908,35.0,4.7,3
-2.8017,128.7466,10.0,4.5,1
-8.7445,122.2829,130.13,5.1,1
0.3787,97.7228,26.07,4.9,3
-9.1109,118.9156,85.73,4.8,1
-0.1874,124.442,61.99,4.5,2
-4.4028,138.204,150.65,4.6,1
4.3322,138.0207,15.09,5.2,2
-2.7566,122.2402,10.0,5.0,1
-2.7349,122.1901,10.0,4.5,1
-10.4267,123.8207,10.0,5.1,1
-4.3366,102.6881,58.04,5.5,0
0.0658,122.9487,148.0,6.1,0
-7.2217,120.1887,605.85,5.2,4
-7.0859,129.4868,120.69,5.2,1
-8.2802,116.2107,10.0,4.7,1
-7.2529,120.4325,613.25,5.6,4
-7.2598,120.6954,618.65,4.9,4
1.0276,119.9894,9.85,5.2,0
4.8251,126.9722,65.3,4.5,2
-4.0032,127.702,192.42,4.5,1
4.1851,125.4314,10.0,5.3,0
2.2367,128.5754,230.7,4.6,2
-7.3986,129.0868,149.3,4.6,1
-3.0604,136.8876,31.0,5.9,0
-4.2223,102.0942,37.21,4.6,3
-5.7641,110.7542,546.39,4.5,4
-7.1702,129.3867,139.02,4.5,1
1.5831,128.2005,22.84,5.1,2
-8.1454,120.3733,28.53,4.6,1
-2.9809,118.894,18.0,5.7,0
-3.0171,118.9502,10.0,5.2,0
1.2727,96.8714,10.0,4.6,3
-2.9717,118.8899,18.0,6.2,0
0.0133,127.2798,139.14,4.6,2
2.7388,128.6703,222.4,4.8,2
2.0329,96.3663,10.0,4.7,3
1.5145,125.9643,95.6,5.0,2
-2.9335,118.9545,10.0,4.9,1
-6.3978,103.8873,38.62,5.2,3
-0.0023,120.0833,79.29,4.8,2
-7.3486,125.2798,428.11,5.4,4
-1.9035,128.9426,24.54,4.7,2
-8.848,110.607,92.06,4.8,3
-5.9976,131.7618,10.0,4.8,1
-6.621,129.8027,163.09,4.6,1
-6.3127,128.5926,308.73,4.5,4
4.9931,127.5145,80.0,7.0,0
4.8303,127.184,117.63,4.7,2
4.9923,127.4054,100.34,4.6,2
5.014,127.5214,117.45,4.7,2
4.9756,127.5243,113.3,4.5,2
2.2161,128.7427,35.0,4.7,2
-4.4396,102.533,54.96,5.1,3
-1.9282,133.5283,10.0,5.1,2
-4.5958,138.7576,46.69,4.7,1
-10.5209,123.7781,10.0,4.9,1
0.0083,123.4695,137.17,5.0,2
-5.1167,103.6804,44.46,4.9,3
-2.8977,138.7334,42.58,4.8,1
-6.415,129.9443,174.0,4.6,1
4.9239,127.5029,126.65,4.7,2
-2.1082,99.6026,10.0,4.5,3
2.593,126.748,20.96,4.6,2
-2.9159,129.4019,10.0,4.5,1
-3.0905,129.3592,9.32,5.3,0
1.5398,121.9731,480.99,4.5,4
-4.5295,102.5048,54.9,4.9,3
0.5312,125.5284,57.12,5.0,2
-5.558,133.7996,10.0,4.8,1
-5.5312,133.7606,10.0,5.3,0
-9.2887,107.079,10.0,4.6,3
3.9662,126.5332,36.06,4.7,2
4.1646,126.5903,49.04,4.5,2
4.9874,127.5422,111.84,4.6,2
-4.6544,132.5931,10.0,4.8,1
2.1923,128.308,89.17,4.8,2
4.0123,126.4928,45.62,5.2,2
4.1327,126.5027,39.89,4.7,2
-3.0035,118.9307,10.0,4.9,1
2.4722,95.9412,10.0,4.5,3
-0.3901,135.3461,10.0,4.5,2
1.4273,97.7214,50.73,4.5,3
-4.8647,133.7744,10.0,4.5,1
-4.4442,102.2095,52.28,4.7,3
-0.2129,124.4494,61.74,5.2,0
-3.1656,138.5496,65.5,4.5,1
-3.0894,129.21,10.0,4.6,1
5.688,127.1064,35.23,5.7,0
-9.286,111.3583,41.73,4.8,3
-10.7214,117.2382,10.0,4.5,1
-6.4061,129.8834,159.52,5.2,1
-6.4368,129.9436,168.29,4.5,1
4.9054,127.3815,108.62,5.1,2
-5.6093,101.6854,10.0,5.2,3
-5.6388,101.6825,10.0,5.0,3
-5.6856,101.6495,10.0,6.3,0
-3.3764,139.6124,55.61,4.6,1
1.0678,126.3346,35.0,4.9,2
-5.8634,101.799,10.0,4.9,3
-9.2587,111.1977,59.75,4.5,1
-1.0795,131.0703,10.0,4.6,2
-7.3574,128.4852,128.54,4.5,1
-6.4373,130.0207,150.78,4.5,1
-6.3295,103.6081,35.0,5.0,3
-6.2602,103.6709,35.0,5.2,3
0.4767,97.0187,10.0,4.9,3
4.7623,126.7112,39.17,4.6,2
-10.5196,123.3513,10.0,4.7,1
-10.5255,123.4288,10.0,4.8,1
4.8125,127.088,39.86,4.7,2
1.2428,120.2829,49.29,5.1,2
-10.3411,123.2296,10.0,4.5,1
-7.1912,129.3586,127.66,4.6,1
1.0728,98.8358,68.92,5.0,3
2.4831,97.0361,10.0,4.5,3
1.376,127.0503,10.0,4.5,2
-6.1886,103.6759,44.01,4.8,3
-6.0656,112.0975,591.69,5.1,4
-6.0512,112.1134,593.84,4.8,4
-2.9033,139.2142,46.02,5.3,0
-5.965,101.8498,10.0,4.5,3
-6.1315,129.8317,222.92,4.7,1
-4.2686,133.0545,10.0,4.8,1
-6.933,129.6535,131.47,4.5,1
-4.3303,101.6424,43.3,4.6,3
2.4518,126.2682,35.16,4.5,2
1.3665,127.0819,56.63,4.5,2
-10.156,126.6991,10.0,4.6,1
-0.7465,131.0217,10.0,4.5,2
-8.6867,118.0394,126.19,4.5,1
-7.3715,106.6916,60.46,4.5,3
-4.3756,102.1377,47.83,4.9,3
4.9568,127.5152,106.36,4.5,2
2.3391,127.2602,80.74,5.1,2
-6.2283,104.1733,50.63,4.6,3
-8.8111,123.4503,106.12,5.0,1
0.0771,123.528,136.5,4.9,2
1.358,121.9096,25.0,5.8,0
-9.3972,115.5374,80.22,4.6,1
-6.8741,130.0077,124.02,4.5,1
4.5569,125.7348,182.27,4.5,2
3.055,127.0363,65.44,5.1,2
-6.2895,105.8909,76.31,4.9,3
-0.6146,127.4456,10.0,5.0,2
-0.2537,124.6288,10.0,4.5,2
4.7198,126.2062,94.18,4.5,2
-5.4883,102.3197,35.0,4.5,3
-5.6636,101.6875,10.0,4.6,3
-7.2639,129.1561,108.86,4.5,1
-2.6399,102.1121,169.67,4.5,3
4.2261,125.7845,117.99,4.6,2
-5.7203,101.6888,10.0,4.8,3
-6.7009,132.2263,10.0,4.5,1
-5.1019,134.0806,10.0,4.6,1
-6.0727,130.3036,115.8,4.7,1
-4.7134,103.7169,148.69,4.6,3
-3.4652,100.5011,10.0,4.7,3
5.0051,96.0004,10.0,4.5,3
-1.7567,99.2329,25.0,5.6,0
-3.5477,101.6511,46.08,4.6,3
-8.1745,128.9889,10.0,4.7,1
-5.6896,130.7664,84.1,5.1,1
4.6616,125.7506,131.68,4.7,2
-2.908,129.4519,10.0,4.7,1
-5.5754,120.8758,10.0,4.5,1
-7.6944,128.2459,166.94,4.8,1
-4.4209,101.0083,10.0,5.0,3
-6.0393,125.1734,572.48,4.5,4
-6.2359,130.3605,112.84,4.6,1
-7.4701,128.0409,165.21,4.5,1
4.3302,125.8755,79.15,4.9,2
0.9633,124.565,22.47,4.6,2
-6.1692,130.0641,36.97,4.5,1
-4.6982,138.3708,12.0,5.5,0
-4.7072,138.2909,10.0,5.2,1
4.9082,126.4194,67.36,5.1,2
0.9174,126.1969,35.0,4.5,2
-0.0029,123.2977,138.4,4.7,2
5.3798,126.1447,87.84,4.6,2
-9.2541,107.1176,10.0,4.5,3
0.1938,123.4976,160.59,4.6,2
-2.6771,123.1075,10.0,4.6,1
-6.4041,130.9626,67.55,4.5,1
-6.6522,129.6807,153.64,5.1,1
-4.7311,133.8442,10.0,4.5,1
2.2695,128.3103,93.57,5.0,2
-8.4928,134.9473,10.0,5.0,1
-6.918,129.88,155.7,4.5,1
2.5456,128.4595,202.58,4.8,2
-4.1517,133.9246,10.0,5.2,0
-4.5026,137.2494,10.0,4.6,1
-8.2544,117.9107,10.0,4.6,1
-7.7261,118.6996,10.0,4.7,1
-5.9279,130.475,104.6,4.5,1
0.9715,126.9274,27.09,5.4,0
-7.349,128.4725,173.63,4.9,1
2.3222,127.7186,119.57,4.6,2
0.5254,126.2506,44.83,4.6,2
0.2052,125.8791,35.0,4.5,2
-6.673,129.2319,127.41,4.5,1
-2.0477,139.3901,35.0,4.8,1
1.338,125.7094,69.69,4.9,2
1.1027,120.9127,569.34,4.9,4
-0.4505,124.3655,50.28,4.7,2
-1.9874,139.2397,23.68,4.5,1
-1.9926,139.6131,10.0,4.7,1
-7.0578,129.4414,111.8,4.5,1
2.4741,98.9901,149.07,4.9,3
1.4979,127.1188,128.21,5.2,2
-1.9127,99.442,34.25,4.6,3
-4.5491,102.6262,59.62,5.2,3
-7.6067,128.2664,135.85,4.5,1
-6.4197,130.0346,121.92,4.5,1
-5.9253,131.6357,74.29,4.7,1
3.6042,126.7058,40.27,5.4,0
1.7776,127.1812,56.13,4.6,2
-5.1251,128.1558,326.0,5.9,0
2.2912,97.7959,56.6,4.6,3
3.7232,126.8548,10.0,4.6,2
-3.4909,138.5899,73.34,4.6,1
5.9056,126.5496,100.3,5.1,2
-6.5465,129.8208,164.82,4.6,1
2.8304,126.4666,72.13,4.6,2
-6.428,104.6994,44.75,4.6,3
2.9106,122.3595,542.63,5.0,4
2.3775,128.4731,228.78,4.5,2
-8.5707,112.5054,67.0,6.0,0
4.1322,124.6443,300.0,6.1,0
-8.3613,112.469,113.16,5.1,3
-6.2729,104.5961,70.82,5.0,3
-5.1078,101.0724,10.0,4.5,3
-5.2063,104.8916,105.48,4.9,3
2.7772,128.598,231.06,5.1,2
-4.7388,139.5965,10.0,4.5,1
-7.5348,128.3849,153.64,4.5,1
0.612,126.1055,36.34,5.2,0
5.8655,126.7622,48.96,5.0,2
-0.1311,125.2068,46.5,5.1,2
-7.0761,106.0265,45.72,5.0,3
0.1975,96.6432,8.99,5.6,0
-10.4175,117.0405,19.0,5.4,0
-10.2439,116.9849,19.31,5.4,0
4.8044,125.4662,163.69,4.5,2
-5.5671,129.5957,170.94,4.5,1
3.5769,126.7347,35.0,5.4,0
5.1405,95.4554,99.23,5.0,3
-4.7999,133.8544,10.0,4.5,1
1.6917,126.4042,46.34,4.7,2
-5.4215,129.1035,264.09,4.6,1
1.8112,127.4752,142.63,4.5,2
-7.1601,129.3886,131.81,4.8,1
-7.7259,127.7426,76.0,5.2,1
0.729,126.2939,36.96,4.8,2
0.1831,96.5601,9.0,6.1,0
-6.1655,130.2536,106.42,4.7,1
-5.6703,101.6402,10.0,4.6,3
-4.8714,129.5506,189.84,4.5,1
3.1025,125.8242,51.81,4.6,2
5.2189,126.4843,27.58,5.0,2
5.2182,126.4028,55.55,4.5,2
-4.3504,129.5639,111.42,4.8,1
-2.0166,128.2083,10.0,4.7,2
-1.7578,134.3056,10.0,5.0,2
0.3079,122.2972,132.31,4.5,2
-8.0524,120.5649,10.0,4.9,1
-6.2827,130.5669,137.36,4.5,1
-7.4516,106.9425,56.93,5.0,3
5.2683,126.4644,51.83,4.5,2
-5.0981,131.9237,57.66,4.6,1
1.0487,96.5251,10.0,4.7,3
2.3632,126.6693,45.77,4.9,2
-1.8535,134.4255,10.0,4.7,2
-9.1859,114.127,67.55,4.6,1
-7.2267,131.7123,10.0,4.7,1
-1.54,120.2267,18.97,4.5,2
1.3529,96.904,10.0,4.5,3
5.6587,127.0302,41.85,4.5,2
-1.5462,120.2745,10.0,4.6,2
4.9715,125.3665,177.14,4.8,2
-8.8906,119.1979,137.96,4.6,1
-6.0642,103.2476,35.0,4.9,3
4.0461,95.7566,50.03,4.6,3
-6.3519,129.8574,174.58,4.6,1
-2.3244,99.79,21.0,5.5,3
-3.2226,130.5319,10.0,4.9,1
1.2206,126.4248,50.31,4.6,2
-3.184,135.9087,37.52,4.5,1
-6.9917,106.7213,72.19,4.5,3
0.4517,126.2458,43.58,4.5,2
1.5332,127.3029,148.16,5.2,2
-1.9554,99.7862,30.0,5.7,0
-0.1296,123.0573,112.76,5.0,2
-2.1024,139.3264,28.37,4.5,1
-7.478,127.8291,149.43,4.9,1
5.3631,126.2808,41.93,4.6,2
-4.1467,128.8833,10.0,4.6,1
4.4649,127.3974,67.61,4.8,2
-10.8687,114.9916,10.0,4.6,1
-0.3331,131.7737,35.0,4.5,2
-4.3513,131.3819,20.32,4.5,1
-6.5076,129.8988,172.21,4.6,1
5.7071,126.2283,89.11,5.1,2
2.3543,96.2094,14.37,4.8,3
3.9382,125.8462,139.88,4.7,2
-1.5895,99.3257,27.1,4.9,3
3.9466,128.6511,45.57,5.2,2
3.9581,128.6424,47.56,5.5,0
1.5272,126.7218,65.51,4.8,2
0.1364,96.6442,11.0,6.7,0
-0.1198,96.6681,10.0,4.7,3
0.0136,96.5944,10.0,4.7,3
0.1902,96.6009,10.0,4.7,3
0.5876,96.33,10.0,4.5,3
4.2049,127.8754,81.24,4.6,2
0.0017,96.5608,10.0,4.9,3
0.0747,96.6191,10.0,4.5,3
-6.4488,130.0588,159.8,4.6,1
0.1293,96.662,10.0,4.8,3
-8.8421,118.3918,92.22,4.8,1
1.0122,126.2287,10.54,4.6,2
5.8895,126.2085,97.73,4.6,2
-6.8765,125.0565,551.99,4.5,4
-7.4027,128.622,163.58,4.9,1
-8.4206,112.332,106.0,5.8,0
-4.9566,102.1795,33.2,4.8,3
5.8868,126.646,10.0,5.2,2
-5.8666,101.7682,10.0,5.0,3
-4.2875,138.4945,139.53,4.5,1
4.9536,127.5262,83.0,5.5,0
-6.3831,105.3483,10.0,5.1,3
-6.2692,105.525,15.95,5.2,3
-6.1451,105.487,10.0,4.7,3
-6.3991,105.3509,10.0,4.7,3
1.4183,126.3917,49.73,4.5,2
4.381,95.3504,57.33,4.8,3
-0.3132,125.8167,51.36,4.6,2
5.7767,125.0384,67.61,4.8,2
2.3518,128.4655,234.64,4.5,2
-3.5622,129.0913,41.58,5.1,1
0.1852,96.4978,10.0,4.7,3
2.1413,96.3353,21.98,4.5,3
3.6942,122.6288,562.52,4.6,4
-7.7504,104.6696,10.0,4.5,3
1.019,120.0848,17.42,5.1,2
-6.4257,129.9608,137.45,4.8,1
0.1676,121.8892,225.34,4.5,2
3.7909,127.9669,102.33,4.6,2
0.3226,126.3256,24.82,4.5,2
0.2224,126.3126,44.3,4.8,2
4.9726,127.5311,111.12,4.6,2
-7.4354,130.3251,35.29,4.5,1
-3.7608,129.1236,121.93,4.5,1
0.6683,122.5372,79.6,4.5,2
4.8267,125.9732,76.85,4.9,2
2.8556,127.7203,49.15,4.8,2
0.3165,126.2911,26.0,6.2,0
0.2321,126.1275,35.0,4.9,2
0.2075,126.494,51.35,4.8,2
0.2635,126.2823,35.0,4.9,2
0.3224,126.293,35.0,5.1,2
0.2409,126.1757,44.82,4.6,2
0.3097,126.2674,41.23,4.7,2
0.2779,126.239,32.93,4.6,2
-1.5788,134.0883,45.49,4.5,2
0.1799,126.3047,40.33,4.5,2
0.2443,126.4466,47.64,4.8,2
0.2753,126.4149,42.74,4.6,2
0.326,126.5274,40.33,4.7,2
-0.4062,135.1664,10.0,4.7,2
0.3743,126.2926,10.0,4.6,2
0.2634,126.4744,39.78,4.6,2
0.34,126.2897,8.6,5.3,0
0.2489,126.3269,10.0,4.8,2
0.2918,126.2872,10.0,4.9,2
0.1655,126.2436,10.0,5.0,2
-0.9857,127.2648,10.0,4.5,2
0.3156,126.4979,10.0,4.7,2
0.2954,126.2445,10.0,4.5,2
-7.5554,107.2005,65.51,4.6,3
0.2058,126.4529,10.0,4.8,2
0.2466,126.3835,16.26,5.3,0
0.2571,126.5292,10.0,4.6,2
0.2541,126.3151,10.0,4.5,2
0.2676,126.508,10.0,4.6,2
0.2863,126.4458,10.0,4.6,2
3.0223,126.5824,47.04,5.2,2
0.2931,126.443,10.0,4.5,2
-7.3747,130.2357,35.0,4.6,1
-4.7382,133.715,10.0,5.1,1
0.4526,123.6478,196.83,5.3,0
-6.4036,131.2816,58.46,4.8,1
0.499,126.7065,10.0,4.5,2
-5.1032,131.7237,24.05,4.5,1
0.4076,126.158,10.0,4.5,2
0.3537,126.2561,10.0,4.5,2
-0.4302,98.0127,10.0,4.5,3
5.8057,126.221,111.39,4.5,2
3.3856,126.7122,35.0,4.5,2
5.8647,126.2193,67.08,4.9,2
-0.0519,124.3102,77.62,4.5,2
-4.8293,102.9678,59.31,5.1,3
0.0519,124.2976,60.14,5.6,0
3.9818,95.9258,49.18,4.9,3
0.0091,99.9714,10.0,4.7,3
0.4096,126.4989,10.0,4.5,2
0.2918,126.339,10.0,4.5,2
-3.7342,131.4836,10.0,5.0,1
-8.2563,125.7518,89.13,4.6,1
1.364,124.4511,207.89,5.0,2
-7.8875,123.2125,240.02,4.5,1
0.2594,126.3901,10.0,4.5,2
-3.5786,134.7998,24.51,4.8,1
-5.1969,133.9729,10.0,4.7,1
-5.177,134.1857,10.0,4.7,1
5.0793,125.8756,149.96,4.5,2
-9.7336,107.8241,10.0,4.5,3
-4.2753,102.4086,61.49,5.2,3
-3.558,129.5238,7.0,5.9,0
-0.3424,124.0922,74.59,4.6,2
2.7818,95.6992,29.48,4.6,3
-6.3076,130.4516,43.63,4.8,1
-4.56,102.6323,56.2,5.2,3
-6.5563,129.8131,163.01,4.6,1
5.0525,126.0801,88.83,4.6,2
-0.0873,125.9893,47.63,4.6,2
-0.2708,97.3968,10.0,4.6,3
-10.6864,119.3652,10.0,4.5,1
-1.1153,127.2064,10.0,4.5,2
-8.2349,108.5288,69.79,4.6,3
-8.3866,107.9828,75.42,4.6,3
-0.4385,124.441,76.13,4.6,2
-0.2422,124.5301,49.67,4.7,2
0.657,126.7573,49.2,4.5,2
0.4008,126.3902,10.0,4.7,2
0.368,126.3833,10.0,4.9,2
-6.0242,127.9255,395.05,4.5,4
-5.9581,128.2804,337.0,5.7,4
-2.5815,127.5455,8.06,4.9,1
5.8796,125.7529,67.83,4.5,2
-0.1422,123.3974,171.93,4.5,2
-2.8938,101.0849,40.3,5.1,3
-6.8333,129.3811,206.72,4.5,1
-7.0002,129.7776,119.81,4.7,1
-8.3453,110.6583,85.47,5.1,3
1.6049,128.3378,76.06,4.6,2
-10.4538,124.0128,10.0,5.0,1
-4.4488,133.9968,10.0,4.6,1
3.9761,125.8465,154.42,4.7,2
2.4274,128.9241,35.0,4.6,2
2.4662,128.8715,35.0,4.7,2
2.5363,128.9963,35.0,4.6,2
0.3063,126.3534,10.0,4.5,2
-5.2708,129.4352,259.29,4.6,1
3.9102,125.8904,151.24,4.5,2
-6.954,125.1884,493.72,4.6,4
-5.4405,104.6491,40.82,4.6,3
-5.3475,104.7493,37.72,4.6,3
0.5456,121.1628,88.53,4.5,2
-5.4122,104.6531,25.14,4.5,3
1.9406,128.7303,36.38,4.5,2
-5.4073,104.6978,38.26,4.5,3
-4.1986,102.4166,56.1,5.1,3
-6.8642,129.9353,124.45,4.5,1
-5.8246,125.1562,555.87,4.9,4
-6.9629,129.038,193.8,4.5,1
-2.8884,127.9268,10.0,5.0,1
-9.8334,121.7992,34.39,4.5,1
1.9838,127.6452,10.0,4.5,2
-9.3987,119.6794,82.2,4.9,1
-2.9897,139.5758,116.7,5.1,1
-7.6759,127.7728,168.44,4.8,1
5.4695,126.5002,47.51,4.5,2
5.3333,126.4682,24.06,5.2,2
-7.2505,126.1701,437.57,4.5,4
-2.4594,99.729,10.0,4.6,3
0.1413,123.6629,119.63,5.6,0
2.9494,126.4984,44.33,6.1,0
2.9677,126.5601,42.57,5.5,0
2.9189,126.5451,51.27,5.0,2
2.8069,126.634,64.68,4.5,2
2.896,126.6966,77.12,4.6,2
2.903,126.6469,69.12,4.6,2
1.8228,96.9785,17.35,5.4,3
2.8154,126.5768,63.88,4.6,2
2.8882,126.7395,52.11,4.5,2
2.8571,126.6144,55.94,4.8,2
0.5799,123.5653,252.62,4.5,2
0.0131,123.317,129.92,4.6,2
2.9087,126.5959,55.15,4.5,2
3.2509,127.9314,66.61,4.7,2
-6.2175,106.1859,140.52,4.7,3
-6.828,129.3222,139.8,4.5,1
-3.7045,140.2244,42.36,4.7,1
-6.2785,104.4267,85.59,4.8,3
-5.095,130.8794,97.61,4.8,1
0.7486,126.1773,22.85,4.5,2
-4.4074,101.5733,31.28,4.5,3
1.0216,126.1194,10.0,4.9,2
-7.2539,128.5778,150.5,4.6,1
2.7696,126.7891,58.03,4.5,2
-8.2935,117.3815,10.0,4.5,1
1.6999,127.2472,120.62,4.5,2
-6.3991,103.9287,46.18,4.9,3
-0.0056,123.8082,105.07,4.8,2
0.0033,123.2252,159.24,5.3,0
0.5293,126.5996,50.15,4.6,2
1.4753,127.1629,129.64,4.5,2
3.6454,126.7215,64.08,4.5,2
5.6101,126.7376,87.68,5.2,2
1.7086,127.404,117.69,4.6,2
-7.084,129.2064,94.66,4.7,1
2.6702,128.4002,46.91,4.5,2
-7.4139,128.2905,138.41,4.9,1
-2.9186,119.3918,12.77,5.2,0
-7.8866,127.7522,140.13,4.7,1
1.4113,128.3338,35.0,4.5,2
1.1875,126.9034,78.02,4.5,2
2.8784,126.5971,54.75,5.3,0
-6.488,129.8063,144.81,4.5,1
-7.195,129.2387,136.12,4.6,1
-6.9111,117.2418,27.78,4.5,1
-0.6732,121.9049,9.75,5.8,0
-0.7679,121.9083,11.0,6.3,0
-0.6714,121.9339,10.0,4.7,2
-8.8588,111.4054,49.62,4.9,3
-0.6623,121.959,10.0,4.5,2
1.6963,126.4809,51.69,4.5,2
3.9327,127.8582,114.57,4.8,2
-0.0804,124.8822,76.78,4.6,2
-0.6027,122.0124,10.0,4.8,2
-0.6614,121.9021,10.0,4.5,2
-4.499,133.958,10.0,6.0,0
1.841,127.3842,122.48,5.1,2
-0.2434,129.6404,38.6,4.6,2
-3.262,100.1679,10.0,4.5,3
-3.2114,100.1976,20.0,5.8,0
-3.2258,100.3198,10.0,4.7,3
-3.1615,100.4063,10.0,5.2,3
-3.4944,99.9948,10.0,4.6,3
5.9946,126.4301,99.96,4.7,2
-9.1652,119.2526,82.02,5.0,1
0.2348,126.5396,58.09,4.5,2
-8.6365,127.4978,10.0,4.8,1
5.0473,125.2793,38.99,4.9,2
4.8572,127.5168,96.59,4.9,2
-9.0821,125.4365,10.0,4.5,1
-7.5981,122.8179,540.83,5.4,4
-6.8174,130.041,117.37,5.0,1
-6.2037,104.6565,54.99,5.2,3
4.8347,122.9098,603.23,4.8,4
-0.0454,125.3926,56.94,4.5,2
2.907,125.9115,56.03,4.5,2
0.4469,126.2614,49.28,4.6,2
0.2605,126.4874,47.67,4.5,2
3.1319,96.1759,52.79,4.5,3
1.6045,127.273,120.31,4.6,2
-8.0634,108.9836,68.19,4.8,3
-7.2015,129.267,140.31,4.6,1
-2.9285,129.6628,10.0,4.5,1
1.2921,99.3322,10.0,4.8,3
5.8294,127.0825,60.81,4.5,2
-6.2208,131.0432,63.17,4.7,1
1.5963,126.5888,70.26,4.6,2
5.9682,127.1991,54.57,5.2,2
1.2821,128.1885,96.3,5.1,2
5.2457,124.8092,18.01,4.7,2
5.917,126.7383,92.54,4.5,2
-1.5892,133.801,56.96,4.5,2
5.9209,127.17,65.21,4.5,2
-4.4071,102.5646,61.49,4.9,3
1.3998,97.5867,44.66,4.5,3
-6.0137,104.0815,55.97,4.5,3
-4.187,100.9304,14.99,4.5,3
-8.2116,107.5487,35.0,4.6,3
-3.0671,139.1897,50.49,4.5,1
-1.8693,133.4039,30.83,4.6,2
-7.7452,118.8657,10.0,4.5,1
-9.0759,124.2399,80.44,4.9,1
-6.8945,129.5564,152.85,4.5,1
1.1851,127.1449,43.53,4.8,2
1.8858,97.813,57.11,4.5,3
1.3725,120.8244,38.3,4.5,2
-8.2075,107.5458,35.0,4.6,3
1.9037,98.5161,80.87,4.7,3
0.2906,96.4971,10.0,4.8,3
4.1223,126.6662,43.95,4.5,2
1.7068,127.1684,113.28,4.5,2
-5.8004,125.1454,589.76,4.5,4
-10.5589,113.6156,10.0,4.7,1
-0.8389,121.5296,8.0,5.7,0
2.4083,95.1902,10.0,4.5,3
5.1995,125.4057,188.59,4.7,2
-2.1913,140.6582,28.93,4.9,1
4.5452,125.2971,65.31,4.9,2
5.5505,126.4967,100.52,4.5,2
0.272,122.376,155.35,4.5,2
-7.3943,128.5279,148.5,4.6,1
5.671,125.0293,54.5,5.6,0
5.6457,125.2687,64.63,4.5,2
-4.7299,136.8674,57.36,4.6,1
-2.8556,128.1125,10.0,4.5,1
-6.6213,129.6753,158.95,4.6,1
-9.798,120.1346,69.34,4.6,1
-3.5358,140.0996,30.0,5.6,0
-3.523,140.1925,14.4,4.9,1
2.8145,98.9905,164.65,4.5,3
-3.5293,140.1077,21.21,4.5,1
0.0202,124.4406,68.01,4.5,2
-7.6424,128.5482,150.11,4.6,1
-8.9559,124.0437,106.05,4.5,1
-6.1262,130.628,88.14,4.6,1
0.3313,122.0692,182.94,4.7,2
-4.742,102.5258,51.35,4.6,3
3.6821,128.794,10.0,4.8,2
-9.4114,113.0671,50.95,4.9,1
-0.0995,124.3771,61.31,4.7,2
-2.0443,99.68,35.0,4.9,3
-2.5993,127.5086,35.0,4.7,1
4.1856,126.8558,60.95,4.6,2
0.3536,126.4122,10.0,4.5,2
0.3492,125.8924,10.0,4.6,2
5.4654,126.3119,71.67,4.5,2
5.5061,126.6961,56.8,4.9,2
5.498,126.707,52.71,4.5,2
5.5296,126.8831,10.0,4.6,2
3.1596,126.8808,39.56,4.7,2
-4.1349,139.9331,71.7,4.6,1
-8.7051,120.4493,125.71,4.6,1
5.505,126.7069,44.07,4.9,2
-6.2437,103.5474,35.0,4.8,3
-7.5145,128.3549,133.36,4.6,1
-3.9562,134.9263,16.34,5.0,1
5.8923,126.2337,96.3,4.5,2
-6.9777,124.9878,538.69,4.8,4
0.9343,125.9976,43.05,4.5,2
5.526,126.5816,41.28,4.6,2
-0.5281,99.7137,87.02,5.0,3
-8.2688,119.4155,152.87,4.6,1
3.7563,128.7363,10.0,4.7,2
-6.4688,128.8371,232.85,4.5,1
-0.6488,127.4899,10.0,4.6,2
2.9309,95.3897,22.0,5.3,3
1.1076,128.1118,10.0,4.6,2
1.1514,128.093,10.0,4.6,2
1.1565,122.1166,46.37,5.1,2
3.1965,126.6683,54.64,4.7,2
-8.2323,128.0769,10.0,4.6,1
-9.265,123.0792,106.89,4.5,1
-1.2174,120.5922,10.0,4.8,2
-8.2636,117.2161,10.0,4.6,1
-1.2665,120.5853,10.0,4.5,2
4.9143,126.2628,93.45,4.8,2
-7.7096,104.2739,10.0,4.9,3
-8.404,127.883,10.0,4.7,1
-7.448,104.9669,10.0,4.6,3
-7.398,106.6382,68.84,4.6,3
1.0368,126.3528,10.0,4.5,2
-6.3878,103.6266,35.0,4.5,3
-10.0968,117.3875,42.38,4.7,1
1.8003,125.8664,56.37,4.9,2
-3.0307,128.0098,44.07,4.9,1
-2.4435,140.2447,35.0,4.6,1
4.6105,126.7835,54.08,4.7,2
0.0244,123.3239,158.13,4.5,2
1.8112,126.5903,33.84,5.4,0
2.8493,95.4835,10.0,4.5,3
3.5423,122.6034,540.51,4.5,4
2.1052,126.691,35.78,5.3,0
2.8435,127.2407,69.13,4.7,2
-2.8568,100.1734,10.0,4.7,3
-2.3369,119.2425,35.0,4.6,1
-2.0352,138.2213,35.0,4.5,1
0.5238,126.4454,14.71,5.0,2
5.5515,124.793,35.0,4.8,2
-1.3006,123.7013,10.0,4.5,2
-8.1806,118.081,10.0,5.0,1
-7.5756,127.8417,170.32,4.6,1
2.5465,129.0426,10.0,4.7,2
5.9709,126.1064,139.27,4.6,2
-2.4057,138.4638,45.59,4.6,1
-8.2664,127.7518,10.0,4.7,1
1.0292,126.9197,23.69,4.6,2
-3.6624,129.5662,21.57,5.1,1
-6.1647,129.8668,10.0,4.5,1
3.0575,126.9521,35.0,4.6,2
-6.7639,129.7259,143.54,4.6,1
2.7502,122.2881,543.42,4.5,4
-5.7026,130.9662,101.65,4.5,1
4.8508,97.1957,10.0,4.5,3
-5.9742,102.8213,35.48,4.5,3
-6.9193,104.937,35.0,4.6,3
-8.2515,119.5495,174.38,4.9,1
-1.6624,120.2302,10.0,4.5,2
4.4134,95.433,61.14,5.2,3
-7.7581,130.2487,10.0,4.5,1
1.1792,121.2694,57.81,4.6,2
-4.0972,133.9719,10.0,4.5,1
3.3745,122.9715,548.36,4.6,4
-9.0318,122.385,97.92,4.8,1
0.8073,126.2042,36.86,5.7,0
5.2029,125.3122,56.96,4.6,2
0.8928,126.129,10.0,5.0,2
0.8504,126.0913,13.0,5.0,2
-6.8356,129.7224,135.54,4.7,1
-0.4045,132.8551,30.69,4.5,2
-0.4206,132.8482,10.0,4.5,2
-8.9377,110.9692,47.25,4.8,3
-7.1823,129.4314,143.65,4.9,1
-7.0998,130.0563,91.46,5.0,1
1.2369,126.1559,41.0,5.5,0
-7.0946,130.0521,97.67,4.9,1
5.4914,127.0086,108.66,4.5,2
1.4091,97.0429,28.35,4.5,3
-8.3283,115.4645,10.0,4.7,1
-4.9203,102.9791,59.39,5.0,3
0.8569,126.2687,44.03,4.6,2
-2.9323,129.6368,10.0,4.5,1
1.2807,127.9495,127.95,4.5,2
2.8002,128.1005,150.07,4.6,2
1.0918,128.0997,10.0,4.5,2
-3.6304,134.7043,10.0,4.7,1
-2.3088,139.2914,10.0,5.0,1
-8.2559,116.7938,10.0,4.8,1
-7.9008,106.4551,35.0,4.5,3
-8.6515,112.5513,72.87,4.9,1
-9.0639,110.4274,30.42,4.5,3
-6.9048,129.9296,138.24,4.5,1
-4.6852,101.9672,46.53,4.8,3
1.5454,126.4982,45.93,4.8,2
2.9759,128.0103,90.21,4.5,2
0.5444,123.5277,247.4,4.9,2
-9.3066,107.8227,10.0,5.1,3
2.7926,95.399,10.0,4.6,3
-3.2153,140.9429,34.98,5.2,1
-2.8611,129.5944,10.0,4.6,1
1.4439,127.054,127.19,4.8,2
-9.5664,124.9568,38.38,4.8,1
-5.9849,128.7265,326.18,4.7,4
-7.476,128.4376,128.08,5.1,1
-3.445,135.4228,36.47,4.6,1
-6.3006,130.2279,116.07,4.5,1
3.0383,127.9991,81.85,4.5,2
5.2665,125.4891,177.31,5.1,2
-7.7093,125.4591,17.43,5.5,0
-4.5761,127.047,18.88,4.9,1
-7.1565,129.1275,156.34,4.5,1
-4.4267,102.0245,30.88,4.5,3
2.7555,128.605,223.42,4.5,2
0.2081,96.709,8.0,6.0,0
0.2528,96.7126,10.0,4.6,3
0.2161,96.7256,10.0,4.7,3
0.298,96.7281,10.0,4.7,3
0.2776,96.6946,10.0,4.7,3
0.266,96.6246,10.0,4.9,3
0.1448,96.6846,10.0,4.9,3
0.1717,96.675,10.0,4.5,3
-6.8798,130.4969,94.0,5.9,0
0.9206,98.5198,64.77,5.1,3
0.2152,96.6722,10.0,4.7,3
1.8567,126.6245,35.67,4.5,2
-0.2545,123.9723,66.71,4.9,2
-2.9473,129.3394,18.0,5.7,0
-6.8176,129.5313,132.21,4.5,1
0.3836,96.754,10.0,4.5,3
1.2381,126.3902,54.77,4.5,2
-1.3117,120.6152,10.0,5.1,2
-6.1244,130.1761,162.31,4.5,1
-0.0451,124.2812,34.0,6.0,0
-3.4755,134.0315,16.44,4.8,1
0.9638,119.9714,35.0,4.5,2
-2.895,129.3895,10.0,4.7,1
-0.5846,123.5502,10.0,5.4,0
-0.2326,125.1227,49.72,4.7,2
-5.4481,123.1961,10.0,4.8,1
5.6747,126.1207,109.49,4.6,2
-7.5917,105.8256,21.04,5.1,3
0.2491,96.5784,9.8,4.5,3
1.9401,96.6995,28.47,4.7,3
2.8491,127.4723,78.13,4.6,2
-4.3244,134.1805,10.0,6.0,0
0.5863,96.6701,10.0,4.6,3
0.201,98.5221,41.5,4.6,3
2.1429,96.2097,10.0,4.8,3
1.2957,98.8933,91.42,5.1,3
1.6806,127.4421,136.22,4.8,2
5.1451,126.9394,51.05,4.5,2
-6.2433,130.2081,151.35,4.8,1
2.5905,128.405,61.23,4.5,2
-3.5754,101.5892,59.84,5.0,3
-7.3783,128.4189,160.3,4.9,1
-10.9476,123.6777,10.0,4.6,1
-8.0961,122.622,214.86,4.5,1
0.2242,96.701,10.0,4.9,3
-3.4199,101.4466,65.14,4.5,3
-8.0672,104.3692,10.0,4.5,3
-2.7467,126.6398,10.0,4.5,1
0.3728,96.6335,10.0,4.8,3
3.6149,126.9506,51.46,4.6,2
0.5668,122.879,287.38,4.5,4
-0.0837,123.9148,101.07,4.6,2
3.3164,124.1444,380.31,4.7,4
-3.1708,101.6916,88.82,4.6,3
-8.1316,104.2656,10.0,4.7,3
4.6874,126.2666,79.98,5.2,2
-6.7714,125.4315,537.93,4.9,4
-2.6072,140.4484,37.08,4.5,1
-6.5663,104.3785,41.33,4.5,3
-3.8564,134.3792,10.0,4.5,1
-2.5579,99.5117,10.0,4.5,3
-1.3075,99.7371,49.99,4.6,3
-6.7796,104.223,40.37,4.6,3
-9.887,108.2242,10.0,4.6,3
-2.8314,129.9486,10.0,4.5,1
-6.6392,130.3563,112.95,4.8,1
2.8699,95.3451,10.0,4.9,3
4.0932,128.1359,149.0,6.0,0
-1.9016,140.5378,12.95,5.3,0
0.1669,123.7585,118.99,4.5,2
3.3063,126.9972,91.42,4.6,2
-8.7069,118.3381,10.0,4.5,1
-7.4297,127.5573,10.0,4.5,1
-7.8284,123.086,267.73,5.2,4
-7.8031,123.3878,251.92,5.1,1
-7.5085,119.2729,282.69,4.7,4
3.6435,126.5577,46.08,4.7,2
0.6162,126.1533,9.95,4.6,2
3.9048,126.6118,50.37,4.5,2
-0.0345,122.9795,149.56,5.0,2
4.7201,95.0921,47.19,4.6,3
-7.0422,128.6902,13.0,5.4,0
-7.3846,128.8994,39.59,4.6,1
1.6289,128.8549,10.0,4.8,2
-10.5685,120.361,49.85,4.5,1
-10.6311,120.3859,35.0,4.6,1
-10.5158,120.3091,10.0,4.9,1
-10.6714,120.4521,35.0,4.5,1
-4.184,101.317,35.0,4.6,3
-9.536,113.6533,54.94,5.0,1
0.3669,120.6257,72.86,4.5,2
5.7194,127.0238,109.49,4.5,2
-7.6033,122.2274,14.27,7.3,0
-7.6086,122.2473,10.0,5.7,0
-7.605,122.2449,10.0,5.8,0
-7.7145,121.403,10.0,4.6,1
-7.7822,122.4805,9.99,4.5,1
-7.3823,121.7602,10.0,5.1,1
-7.9045,121.9476,10.0,4.5,1
-7.563,122.3039,10.0,4.5,1
-7.5638,121.6674,10.0,4.5,1
-7.5496,121.7358,10.0,5.0,1
-7.5367,121.8764,10.0,4.6,1
-7.6129,122.3166,10.0,5.6,0
5.7415,127.1154,61.34,4.9,2
-9.7532,114.1716,40.42,4.8,1
-7.5497,121.5705,10.0,4.9,1
-7.6684,122.2948,10.0,4.8,1
-7.1979,121.1629,10.0,4.5,1
-7.8797,121.7611,10.0,4.9,1
-7.3961,121.1792,10.0,4.7,1
-8.3373,116.9203,10.0,4.5,1
-7.5686,121.6183,10.0,4.5,1
-7.3634,121.0901,10.0,4.7,1
-8.4912,113.5508,29.41,4.8,1
-7.0438,128.6847,10.0,5.6,0
-7.041,128.6696,10.0,4.5,1
-6.1953,127.989,378.62,5.2,4
-8.3743,119.4466,172.77,4.9,1
-7.2673,121.1441,10.0,4.8,1
-7.4528,128.443,167.2,4.8,1
-7.4865,128.7057,132.09,4.5,1
-7.1882,121.3774,10.0,4.6,1
-0.6917,131.5239,10.0,5.2,0
-0.2793,131.7488,10.0,4.9,2
-0.0931,129.8045,40.36,4.6,2
-0.8038,131.4824,37.44,4.6,2
-7.9869,122.3414,13.47,4.7,1
-7.9358,119.7205,10.0,4.5,1
-6.7933,129.6808,174.63,4.6,1
4.5616,96.2559,10.0,4.6,3
-8.2921,116.3775,11.86,4.6,1
-0.603,133.2856,30.17,4.6,2
5.381,126.2414,70.33,5.0,2
-6.0044,122.1332,10.0,4.9,1
-3.5944,131.3036,10.0,4.7,1
-8.3743,105.5173,10.0,4.7,3
-8.36,117.4758,10.0,4.6,1
-6.3175,129.8469,118.74,4.7,1
2.446,126.9236,19.06,4.9,2
2.3776,126.9103,10.0,4.9,2
-7.1983,105.2869,35.0,4.5,3
-7.2867,128.6205,147.29,4.6,1
-7.6252,130.2753,32.94,4.6,1
-8.0304,118.839,10.0,4.6,1
-2.8632,129.3935,10.0,4.8,1
2.1321,126.624,26.42,5.3,0
-4.5717,102.0135,41.43,4.6,3
-0.0201,123.4601,107.55,5.4,0
-8.6674,118.3314,122.94,4.5,1
-7.5604,128.5354,157.96,4.6,1
-4.8206,130.6682,10.0,4.6,1
-6.6059,104.2952,34.93,4.9,3
-4.6844,128.9607,10.0,4.7,1
-7.628,127.6428,159.75,4.9,1
5.9565,126.2888,79.12,4.5,2
-7.5482,127.5773,165.49,7.3,0
-7.5864,127.617,163.86,4.9,1
-7.6526,127.8124,176.67,4.6,1
-7.5547,127.7579,157.68,5.0,1
-7.6053,127.5433,161.5,4.8,1
-4.1255,128.3682,10.0,4.6,1
-0.0798,125.2498,42.0,5.5,0
-7.6509,127.662,172.32,4.5,1
-2.8413,128.8616,35.0,4.7,1
-0.3514,98.7661,42.38,4.6,3
0.1856,96.6595,10.0,4.6,3
-7.19,128.9137,10.0,4.6,1
-1.5407,127.323,10.0,4.5,2
-1.5687,127.278,10.0,4.6,2
0.0488,120.4338,106.77,5.0,2
-8.4743,130.6294,10.0,4.6,1
3.6089,126.9356,61.38,4.5,2
-2.884,127.7046,26.4,4.8,1
1.9322,127.3237,93.72,5.0,2
-1.5098,99.4714,35.0,4.5,3
-7.0385,127.7416,298.19,4.5,4
-4.8065,125.0808,544.0,6.0,4
-2.1267,138.2713,33.23,4.9,1
-7.2389,105.1142,10.0,4.5,3
-9.2268,113.2424,54.12,4.5,1
1.4233,127.9637,10.0,5.3,0
5.7328,126.9785,107.86,5.0,2
-4.9014,133.807,10.0,4.7,1
0.3375,122.0772,199.18,4.8,2
-7.0726,129.2677,133.73,4.5,1
1.4538,127.8761,10.0,5.2,2
1.4713,127.8516,10.0,5.4,0
2.7814,128.5213,231.24,4.9,2
-9.1167,112.8001,33.85,4.5,1
2.6481,128.9301,10.0,4.6,2
0.1519,96.7107,10.0,5.2,3
1.3856,126.9357,128.11,4.6,2
-8.0082,122.3146,10.0,4.6,1
-3.326,129.1327,10.0,4.9,1
0.463,96.8611,10.0,4.6,3
-4.9044,132.8011,10.0,4.5,1
0.8023,123.7153,270.64,4.5,2
-1.4997,127.3595,10.0,4.8,2
1.4789,123.0663,10.0,4.6,2
-8.4057,118.0713,10.0,4.6,1
-7.3084,127.545,10.0,4.6,1
-7.7968,118.5387,10.0,4.6,1
-6.86,105.2887,33.0,6.6,0
-7.0422,105.2063,34.46,5.4,3
-7.5121,128.5875,98.83,4.6,1
-7.8364,118.5907,10.0,5.1,1
-7.8131,118.5799,10.0,4.5,1
-7.0285,105.2305,46.12,4.6,3
-7.1047,104.9492,34.08,4.7,3
-6.8029,105.2852,51.77,4.8,3
-7.0961,105.0679,35.0,4.6,3
-7.762,118.6199,10.0,4.5,1
3.5064,96.5606,68.91,4.6,3
-7.5134,105.8582,35.0,5.0,3
-6.9094,106.0807,32.54,4.5,3
-4.3065,129.6084,117.92,4.5,1
-7.7057,127.8857,180.26,4.5,1
-7.8383,118.6131,10.0,4.6,1
-6.186,130.4402,99.2,4.5,1
1.0159,124.2771,219.24,4.5,2
-0.7122,99.0987,35.0,4.6,3
-3.4837,130.9525,10.0,5.3,0
-7.8357,118.4606,10.0,4.8,1
-3.5339,131.0149,10.0,4.5,1
-3.6024,130.452,10.0,4.6,1
-4.5546,124.0364,17.31,4.9,1
-2.4732,140.0375,35.0,5.5,0
-3.6415,130.9313,10.0,4.6,1
3.6724,126.6596,21.0,6.0,0
3.6267,126.6391,10.0,4.9,2
3.6224,126.7108,10.0,4.6,2
2.8577,127.5309,48.45,5.0,2
3.6148,126.6878,34.75,4.5,2
3.6478,126.7218,33.2,4.9,2
3.7024,126.9065,22.07,4.5,2
-7.5319,127.5941,158.17,4.6,1
3.667,126.5586,10.0,4.9,2
-2.8591,129.4655,10.0,4.5,1
5.3859,126.4274,10.0,4.5,2
4.2576,128.1979,74.08,4.8,2
1.5265,126.5478,38.75,4.7,2
3.1259,127.9629,53.54,5.0,2
-6.6266,120.7417,10.0,4.8,1
-8.7278,108.0851,21.15,5.0,3
-0.2022,124.4273,70.5,4.9,2
-3.0014,126.7213,10.0,4.5,1
-5.0608,102.2805,34.42,4.5,3
3.119,127.954,69.79,4.6,2
3.6424,126.7299,61.21,4.5,2
-2.6656,128.985,10.0,4.6,1
2.7573,128.2346,53.45,4.5,2
-10.0718,117.4746,37.22,4.8,1
-10.2778,117.4855,35.0,4.5,1
-4.2784,136.7837,10.0,4.6,1
-10.2091,122.2996,58.58,5.0,1
-6.7798,120.5412,10.0,4.7,1
-7.3041,125.7897,10.0,4.6,1
-7.588,127.4968,190.11,4.6,1
-6.9788,129.3354,114.77,4.6,1
-0.7594,122.3155,10.0,4.7,2
-7.483,128.3132,119.0,6.0,0
-7.1929,105.0262,31.04,4.5,3
-8.3977,104.021,10.0,4.6,3
4.8819,125.9774,145.17,4.5,2
0.7928,98.5208,59.15,4.7,3
-7.4795,119.6713,10.0,4.9,1
2.0354,96.5742,40.41,4.7,3
-9.1111,125.7147,10.0,5.2,1
0.3054,126.3326,47.64,4.9,2
2.3828,128.5648,223.8,4.5,2
-6.4941,103.4437,10.0,4.5,3
-7.2617,105.9667,44.85,5.2,3
-8.0237,127.3863,80.54,4.5,1
-8.973,124.0641,105.44,4.7,1
5.6047,126.5823,57.17,4.6,2
3.7084,126.7462,35.0,4.7,2
-7.3954,121.2078,10.0,4.6,1
-7.3449,121.3006,10.0,4.6,1
0.3452,122.4231,126.02,4.8,2
-0.4253,122.0153,18.05,4.5,2
-0.7184,97.1326,10.0,4.6,3
5.591,126.6345,76.42,4.5,2
4.6568,127.7491,134.66,4.5,2
-4.5998,102.6994,64.22,4.6,3
-6.4125,129.827,156.14,4.7,1
1.8197,127.5204,63.48,4.7,2
-4.4151,132.89,10.0,4.5,1
5.8987,124.5212,81.46,4.9,2
3.356,126.6344,35.0,4.6,2
0.3237,96.3796,10.0,4.5,3
-7.9474,122.3456,10.0,4.5,1
0.9313,126.2631,38.1,5.7,0
5.9977,125.5927,84.83,4.5,2
1.3673,126.4272,10.0,4.5,2
-4.5205,139.1393,10.0,4.5,1
-8.4848,134.8418,10.0,4.8,1
-6.3519,129.4469,165.41,4.5,1
1.3933,96.9566,10.0,4.5,3
-0.0354,123.9463,96.44,4.6,2
-6.7544,130.0682,66.17,4.6,1
2.7608,128.5849,201.23,4.6,2
-7.9896,124.3371,188.0,4.6,1
-9.3478,107.0103,10.0,5.1,3
-10.1481,118.7247,35.0,4.9,1
-3.6606,131.3756,10.0,4.5,1
-0.9408,126.8948,10.0,4.6,2
-6.2792,130.8949,94.54,4.6,1
-7.6953,117.3562,307.98,4.5,4
-3.5551,131.4352,39.19,4.5,1
-9.0975,124.7537,34.79,4.5,1
5.6265,125.2277,46.89,4.6,2
-8.2068,120.6211,20.0,5.7,0
-8.1186,120.6733,10.0,5.3,0
-8.1698,120.7645,10.0,4.8,1
-8.0904,120.7908,10.0,5.5,0
-8.0921,120.8146,10.0,4.6,1
-8.0852,120.7696,10.0,4.7,1
-8.1031,120.7282,10.0,4.7,1
-8.0734,120.7439,10.0,4.5,1
-8.1038,120.6142,10.0,5.2,1
-8.0214,120.7263,10.0,4.5,1
-8.085,120.6719,10.0,4.5,1
-8.1405,120.6516,10.0,4.9,1
-8.1126,120.7985,10.0,4.9,1
-8.1244,120.7407,10.0,4.7,1
-8.0831,120.6949,10.0,4.6,1
-6.3173,129.5583,10.0,4.7,1
-8.1001,120.6809,10.0,4.7,1
-7.9161,120.9161,10.0,4.5,1
-8.0338,120.7518,10.0,4.6,1
-2.5325,140.179,10.0,4.5,1
-8.9831,125.2093,37.35,4.7,1
0.9131,126.0683,35.0,4.6,2
-0.2044,125.0415,71.43,4.5,2
1.3101,127.6901,135.11,4.6,2
3.2055,128.1906,109.09,4.5,2
5.9549,126.495,69.5,4.6,2
0.2493,100.0017,10.0,5.0,3
0.219,100.1006,4.0,6.1,0
-0.3419,99.904,10.0,4.9,3
0.1186,100.0685,10.0,4.7,3
0.0316,100.071,10.0,4.9,3
2.6813,127.3032,80.14,4.5,2
-8.098,118.6152,180.34,4.8,1
-8.055,120.7064,10.0,4.5,1
0.0531,100.0279,10.0,4.5,3
-4.9709,101.7374,35.0,4.8,3
5.7048,126.2848,119.18,5.2,2
-8.5193,124.2411,10.0,4.5,1
0.1069,99.8773,5.13,4.7,3
-2.5455,126.2791,10.0,4.9,1
-8.0745,120.658,10.0,4.6,1
-8.2224,120.493,10.0,4.7,1
-7.6606,121.2254,10.0,4.5,1
-8.1431,120.5028,10.0,4.8,1
-8.2009,120.5444,10.0,4.6,1
-7.4239,105.9484,53.0,4.6,3
-8.119,120.4814,10.0,4.6,1
2.4275,126.2063,76.7,4.7,2
-6.8247,130.7828,95.68,4.5,1
4.0892,95.9931,41.55,5.2,3
-8.3929,107.6412,65.6,4.9,3
-0.4295,99.1239,66.53,4.5,3
-3.2219,139.1318,60.23,4.9,1
-6.2724,129.9649,109.81,4.5,1
-3.6867,135.5213,10.0,4.5,1
-0.6131,131.3754,10.0,5.0,2
0.0199,123.6145,156.2,4.6,2
0.0636,100.0026,10.0,4.5,3
-7.5399,121.5478,10.0,4.5,1
0.0329,96.6044,10.0,4.6,3
-7.3962,128.4929,152.45,4.9,1
-7.4769,121.1446,10.0,4.5,1
-6.9415,130.6296,98.41,4.7,1
4.6517,95.0249,42.0,5.5,3
2.6827,99.0301,148.95,5.0,3
1.3748,127.1328,125.64,4.8,2
3.5884,126.03,80.73,4.9,2
-8.0592,122.4012,10.0,4.5,1
-5.9284,130.6123,128.34,4.9,1
2.7042,125.7943,96.11,5.3,0
-7.7046,129.0643,44.81,4.6,1
2.585,128.4029,40.47,5.1,2
-6.5278,129.579,146.96,4.5,1
3.9185,95.9105,48.02,5.1,3
-3.8071,138.6175,91.91,4.6,1
0.5475,126.2999,8.11,5.1,2
0.3198,125.7684,10.0,4.6,2
-8.0436,120.6916,10.0,4.8,1
-7.3172,106.0704,42.31,5.3,3
5.0401,127.0089,56.26,4.5,2
-2.2143,100.0686,44.55,4.5,3
-4.1284,103.106,117.86,4.5,3
-0.6294,98.6259,28.0,6.7,0
-0.8236,98.3589,19.77,4.6,3
-0.3635,97.893,10.0,4.5,3
-0.6087,98.5291,29.19,5.6,0
0.037,126.7294,53.15,4.7,2
-0.5434,98.5566,25.09,5.3,3
2.4181,96.1621,10.0,4.7,3
-0.5284,98.5948,43.75,5.2,3
0.4166,125.8515,34.02,5.0,2
0.276,125.6528,39.59,4.8,2
-7.6341,107.0324,50.19,5.3,3
-2.7655,137.2816,35.0,4.5,1
-7.8224,106.8659,35.0,4.5,3
-7.5421,128.9368,95.05,4.5,1
-0.0838,96.8272,10.0,4.5,3
-6.2991,106.4256,149.6,4.6,3
-8.1649,106.7877,25.19,4.8,3
-3.314,102.171,98.76,4.5,3
-1.8744,133.3083,25.98,5.0,2
-1.1471,129.6988,10.0,4.6,2
-6.8543,105.3922,35.0,4.6,3
-6.5762,131.8574,10.0,4.7,1
-8.245,119.7792,10.0,4.6,1
0.431,97.07,10.0,4.8,3
1.762,127.0673,68.1,4.5,2
-0.7656,133.5126,34.59,5.2,0
1.8424,127.3138,119.66,4.8,2
-0.7104,133.5353,29.41,4.8,2
-6.9376,129.5539,129.73,4.7,1
-3.3625,128.5005,44.4,4.7,1
-10.9593,114.5379,10.0,4.8,1
-6.1929,130.3266,142.61,4.7,1
-5.9345,130.6734,124.23,4.5,1
-3.8019,122.7814,10.0,4.9,1
-0.7365,133.5832,28.14,4.5,2
3.5504,126.9205,58.62,4.9,2
-3.8303,122.683,10.0,4.5,1
-3.8229,122.8165,10.0,4.7,1
-3.8311,122.6602,10.0,4.6,1
-7.5757,121.7252,10.0,4.7,1
-1.2154,120.7692,10.0,4.5,2
2.197,128.3245,66.88,4.6,2
-5.6804,132.6989,10.0,4.5,1
0.0755,124.4342,77.15,4.5,2
3.3652,126.6133,35.0,4.6,2
-6.0266,104.4366,44.61,5.0,3
-4.8686,133.8035,10.0,4.8,1
-6.4984,129.9065,124.94,4.5,1
-4.8078,139.4267,10.0,5.2,1
-7.3312,105.8945,10.0,4.8,3
-7.2524,106.0683,18.52,5.3,3
-7.0005,105.9354,17.26,4.6,3
1.9541,99.1119,140.88,4.8,3
0.7573,126.3369,45.7,4.7,2
5.421,126.8353,40.01,5.1,2
-10.6583,124.493,10.0,4.5,1
-8.0099,117.6339,167.14,4.6,1
1.9361,126.8713,36.0,5.9,0
2.0646,126.9352,31.93,4.6,2
-7.9136,110.574,149.95,4.8,3
-0.0569,126.6886,59.08,4.7,2
0.762,97.008,10.0,4.8,3
-9.6715,111.5877,10.0,4.6,3
-3.9805,102.165,83.02,4.6,3
-7.4547,126.8906,275.02,4.6,1
-3.2917,138.9904,57.91,5.0,1
5.3417,126.3534,44.36,4.5,2
-8.6323,114.7912,101.14,4.6,1
-0.038,123.6812,129.32,4.8,2
-3.1605,139.8304,40.12,5.3,0
-0.6736,135.6272,10.0,4.5,2
1.8634,127.4362,122.15,4.8,2
-9.7978,111.5511,10.0,4.7,3
2.6357,128.3209,96.21,4.5,2
-9.645,111.5779,10.0,4.6,3
4.1434,95.9414,58.46,4.9,3
0.6184,97.0596,10.0,4.7,3
0.674,97.02,10.0,4.6,3
-7.7214,118.7929,10.0,4.6,1
-4.5792,125.2265,460.04,4.6,4
-5.7422,103.3018,44.01,4.5,3
-1.3714,136.9275,18.49,5.4,0
-1.1621,137.2574,10.0,4.5,2
-9.9577,117.9017,48.36,5.1,1
2.1718,128.7965,9.86,4.5,2
-1.345,136.8908,33.22,4.9,2
-1.5103,136.9604,30.56,4.6,2
5.3486,126.2807,86.23,4.5,2
0.583,97.209,10.0,4.5,3
0.0565,123.7063,118.3,4.8,2
-6.0885,125.1256,543.52,4.5,4
1.8361,127.7496,19.47,5.0,2
-1.3329,120.4219,10.0,4.5,2
4.1597,126.5683,53.79,4.6,2
4.9483,126.751,47.5,4.5,2
1.6338,126.5752,31.42,4.5,2
3.6598,126.6402,9.68,5.1,2
-1.8324,122.5521,10.0,4.7,2
2.1947,126.6327,59.72,4.6,2
4.0869,126.6063,42.06,5.2,2
2.0143,97.8363,48.0,4.9,3
-3.3134,136.1527,10.0,4.8,1
0.4487,96.7619,10.0,4.9,3
-5.8322,130.0961,186.81,4.6,1
-2.7461,122.2738,10.0,4.6,1
-9.7659,113.0206,35.58,4.6,1
1.4451,127.267,150.18,4.6,2
-2.6417,101.4213,88.38,4.6,3
-6.4905,130.2665,104.93,4.6,1
-3.7975,140.3996,58.15,5.1,1
-7.3268,106.5702,59.24,4.5,3
1.5182,128.8698,18.91,4.5,2
-10.3684,123.5296,10.0,4.5,1
-7.4858,121.6714,10.0,4.6,1
-4.3905,129.1791,155.04,4.8,1
-7.0497,129.7722,83.06,4.5,1
-10.185,116.7053,35.0,4.7,1
0.3035,126.3493,38.33,4.5,2
-9.7003,116.2793,43.81,4.9,1
-0.3149,124.5139,46.1,4.9,2
2.7886,126.5388,68.95,4.9,2
-6.5737,103.5839,10.0,4.7,3
-6.7011,120.6922,10.0,4.8,1
2.4234,128.5183,57.04,4.7,2
0.5046,126.5861,62.22,4.6,2
2.846,126.3832,50.77,4.5,2
-7.0474,105.3421,58.56,4.5,3
-7.5655,127.7857,174.01,4.5,1
-8.4014,121.4857,10.0,4.5,1
3.8366,126.8713,21.31,4.5,2
3.7289,126.9366,10.0,5.1,2
3.8111,126.9625,10.0,5.0,2
3.6971,126.9085,10.0,5.2,2
3.6504,126.9739,18.84,5.0,2
3.6704,126.8744,39.16,4.6,2
1.8437,127.2017,39.28,5.6,0
-0.2948,132.1742,10.0,4.5,2
4.0473,126.4755,10.0,4.5,2
-6.1014,130.3403,113.3,4.5,1
0.5985,122.1405,98.32,4.6,2
-3.9011,135.9913,10.0,4.7,1
-5.8751,128.29,347.36,5.0,4
2.9382,128.332,55.97,4.5,2
1.3033,124.5322,179.24,4.5,2
-6.4811,130.1454,143.49,5.0,1
3.746,126.6456,20.53,5.0,2
4.6896,95.0484,58.82,4.9,3
5.4117,126.0284,138.12,4.6,2
1.6973,127.3013,67.11,4.5,2
-0.0355,123.3797,128.76,5.1,2
-3.0804,139.7286,90.55,5.1,1
0.6246,122.154,95.41,4.9,2
-7.4815,128.6038,121.4,4.6,1
-0.7598,133.2306,33.6,4.9,2
-5.2399,102.0088,23.0,5.8,0
-3.5778,140.1923,96.62,4.6,1
-8.4255,128.3344,10.0,4.9,1
-8.5168,128.2645,10.0,4.5,1
-6.5759,131.0137,35.0,4.6,1
-8.4841,128.2283,10.0,5.0,1
1.7136,126.4084,18.59,5.2,2
4.3248,126.2774,87.18,4.6,2
-4.698,102.6699,59.12,4.8,3
0.9516,125.404,72.69,4.6,2
-0.4777,99.6588,81.85,4.6,3
4.2742,127.1542,51.77,4.6,2
-4.7307,102.6334,58.6,4.9,3
1.7199,127.2709,63.78,4.5,2
3.7223,128.1473,149.94,4.7,2
-5.5503,103.8782,54.49,4.9,3
-4.3963,134.0509,10.0,4.5,1
-8.4323,128.2986,10.0,4.5,1
-8.2572,127.2079,49.0,6.2,0
-3.167,139.9018,35.0,4.6,1
3.9028,126.7607,43.69,4.9,2
1.7204,99.5287,173.51,4.6,3
-3.6685,131.3329,10.0,5.0,1
-5.84,104.3485,61.05,5.2,3
-8.666,123.0604,150.17,4.9,1
-1.1333,127.1976,8.02,5.0,2
-4.5835,102.6593,60.75,4.5,3
-2.1391,120.4875,10.0,4.8,2
-0.4093,124.2737,60.61,5.0,2
5.4793,127.5037,10.0,4.5,2
5.6361,127.3916,10.362,4.5,2
-7.5121,127.5597,166.81,4.8,1
-7.0258,129.4581,108.23,4.6,1
5.5645,126.7926,10.0,4.5,2
-7.9048,104.4863,10.0,4.5,3
-2.8423,139.1838,35.0,4.6,1
-6.0462,130.3079,96.94,4.5,1
-8.5741,118.3114,129.72,4.8,1
-2.803,139.2418,23.75,5.2,0
-2.7444,139.2464,39.0,4.7,1
-8.0888,119.9603,189.95,4.5,1
-7.5004,129.1713,149.62,4.5,1
-8.0548,120.2683,200.02,4.5,1
-4.6372,133.5985,10.0,4.5,1
4.6586,95.0522,69.54,4.5,3
-8.1791,117.3926,10.0,4.8,1
-6.4376,129.997,131.25,4.8,1
0.1487,123.6638,131.78,5.6,0
-2.7693,118.5386,23.58,5.8,0
-8.1651,118.6713,177.27,4.5,1
-2.7602,118.5321,10.0,4.5,1
-6.4962,130.3115,98.16,4.7,1
-3.1302,129.7446,18.915,4.5,1
-9.1928,125.1822,10.0,4.5,1
-2.9751,129.5341,10.0,4.6,1
-0.1738,122.8943,87.38,4.7,2
-0.1684,124.9705,63.27,4.5,2
-8.2905,111.4594,108.58,5.0,3
-9.8285,119.0955,29.77,4.6,1
-8.3576,117.2265,10.0,4.6,1
2.5639,127.2297,69.06,4.6,2
5.2885,95.5874,117.11,4.7,3
-6.2117,103.836,44.66,4.5,3
-7.3104,120.1483,562.2,4.8,4
-6.2008,130.5857,130.93,4.7,1
1.4739,128.4233,46.04,4.5,2
-7.3158,125.8323,487.13,4.6,4
0.0136,123.3297,133.91,4.8,2
-7.1744,129.3148,141.55,5.0,1
-5.5736,128.8508,306.82,4.7,4
-7.1075,124.706,546.167,4.6,4
-4.9018,103.0305,66.86,5.3,3
-10.9897,115.3475,10.0,4.5,1
2.2873,96.376,34.92,4.6,3
2.5709,128.278,162.57,4.6,2
1.97,126.8761,42.2,4.6,2
-6.4664,130.5767,88.05,4.6,1
2.0127,96.4059,10.0,5.0,3
-7.6517,128.087,143.321,4.5,1
-7.3221,120.4333,499.8,5.6,4
2.0718,96.4335,10.0,4.9,3
2.6438,128.7591,52.11,4.8,2
-7.5385,127.8496,163.51,4.5,1
2.6381,128.7539,39.15,4.5,2
-6.354,130.1561,152.43,4.9,1
-2.8954,130.0212,10.0,4.5,1
-2.8496,130.1134,10.0,4.5,1
4.6305,125.898,166.76,4.5,2
-1.8368,100.4097,50.54,5.1,3
-2.8609,129.5096,10.0,4.7,1
-9.1986,123.6014,102.45,5.0,1
0.7837,124.8766,43.93,4.9,2
-2.7851,129.5211,10.0,4.5,1
1.3876,125.9681,91.49,4.5,2
-7.9825,128.6932,35.0,4.7,1
4.2346,127.7499,135.28,4.5,2
2.765,128.9386,26.88,4.8,2
-7.9554,116.822,9.04,4.5,1
0.9953,126.0371,21.222,5.3,0
4.4521,96.473,5.55,4.9,3
-8.2032,119.5642,179.26,4.6,1
-7.4809,127.8024,169.19,4.5,1
0.5232,126.2021,51.802,4.5,2
4.9714,127.2228,114.6,4.6,2
-5.3863,130.9605,64.56,4.6,1
-6.7036,130.3632,78.37,4.5,1
0.771,126.8437,30.2,4.9,2
-2.241,100.7961,55.32,4.7,3
-5.1633,101.0026,7.409,5.2,3
-9.4225,112.9567,56.626,4.8,1
-9.4648,112.9197,41.048,5.2,3
-9.9439,113.0943,27.627,4.5,1
-9.4455,112.9616,51.27,4.9,1
5.5852,126.585,62.182,4.9,2
-9.3644,112.9398,56.35,5.1,1
-2.8773,138.9288,45.906,5.0,1
-9.49,112.8346,47.788,4.7,1
-9.5229,112.9112,60.493,4.6,1
-9.7314,112.952,41.888,4.9,1
-9.4791,112.9275,60.075,4.5,1
-8.5519,129.9524,10.0,4.6,1
-6.1524,122.9868,9.475,4.8,1
-9.531,112.8824,41.411,4.5,1
-9.41,112.9832,58.95,4.6,1
-9.4413,112.978,56.13,4.6,1
-0.2502,123.0551,79.54,4.5,2
-5.9998,104.3005,51.01,5.0,3
3.0813,127.1502,35.0,4.9,2
3.1621,127.1927,46.1,4.7,2
-6.892,129.4527,154.08,4.6,1
1.6584,126.5086,35.924,4.6,2
3.0359,127.1272,58.139,4.5,2
-0.0199,124.3389,78.452,4.9,2
1.3193,126.9273,95.695,4.6,2
3.1004,127.1621,35.565,5.0,2
3.0437,127.1552,46.798,4.5,2
3.08,127.1646,36.017,4.7,2
-5.9407,128.4044,368.74,4.5,4
-0.9868,126.8799,10.0,4.5,2
-6.9415,129.3262,197.302,4.7,1
-8.0051,107.843,64.42,4.5,3
-9.2537,110.8097,37.06,5.1,3
-5.3504,103.1414,44.33,4.5,3
-0.0306,123.0885,112.11,5.2,0
-4.9894,129.5866,10.0,4.8,1
-4.4779,134.5625,10.0,4.9,1
-4.1438,102.1383,52.0,5.3,3
5.7596,126.8398,129.259,4.8,2
-0.1477,122.8355,92.814,4.6,2
-2.7021,128.5737,10.0,4.9,1
4.8884,126.4244,96.632,4.6,2
0.291,98.3067,35.0,4.9,3
-7.5962,122.4103,10.0,5.4,0
-7.5851,122.3931,10.0,4.5,1
-7.584,122.3242,10.0,4.7,1
-7.5885,122.3837,10.0,5.4,0
0.4649,126.2882,10.83,5.3,0
-7.671,122.3684,10.0,4.5,1
2.842,126.7378,53.099,4.6,2
0.4342,126.3982,49.556,4.7,2
-0.0178,125.6688,49.127,4.7,2
-6.8553,129.286,168.046,4.5,1
0.3985,126.4193,43.552,4.6,2
-2.3978,122.7069,10.0,4.9,1
-2.4009,122.6693,10.0,4.5,1
-6.1907,128.598,329.055,4.5,4
4.2739,95.7593,74.145,5.1,3
-6.6984,129.952,146.872,4.8,1
1.4936,98.9049,111.125,4.6,3
1.6942,99.5329,182.797,4.5,3
-7.7208,128.2165,10.0,4.5,1
-7.0778,107.5539,133.358,4.5,3
-9.0299,124.2016,70.561,4.9,1
0.2913,122.027,187.04,4.6,2
-1.0555,97.3562,10.0,4.9,3
-7.7031,104.8884,10.0,4.9,3
-6.4521,129.8673,142.137,4.5,1
-7.5432,126.7669,10.0,4.5,1
-6.1925,133.3257,10.0,4.6,1
-4.5014,138.3543,10.0,4.8,1
-4.3081,102.1657,52.321,4.9,3
-6.2972,130.1656,155.096,4.5,1
-0.809,99.7163,70.495,4.5,3
-6.5499,104.1423,35.0,4.7,3
-1.9832,100.2649,35.0,4.7,3
-8.3276,117.1056,10.0,4.6,1
-6.7235,129.9544,149.0,5.6,0
-8.301,117.1131,11.134,4.8,1
-10.4484,116.4799,21.334,4.5,1
-2.9683,138.3862,37.475,4.5,1
-1.9584,137.3046,35.541,4.6,1
-6.598,127.9587,370.929,4.5,4
1.7974,126.3859,30.0,5.7,0
1.9578,126.5123,47.448,4.5,2
4.3848,126.3899,66.457,4.7,2
-3.311,100.7772,38.021,4.8,3
2.4926,128.2388,153.973,4.6,2
-5.707,110.3692,552.772,4.8,4
5.8963,137.0488,10.0,4.5,2
1.7941,126.3844,39.693,4.7,2
0.1257,96.586,10.0,4.9,3
0.8703,126.3915,42.93,4.7,2
2.6937,95.6204,24.75,4.6,3
-7.699,129.2703,61.961,4.5,1
1.7313,126.2283,13.261,4.6,2
-8.1936,127.8271,56.552,4.5,1
-4.9731,102.803,58.212,4.5,3
-7.0024,125.4656,480.972,5.5,4
-0.317,129.6944,19.012,4.5,2
-0.2636,129.7504,10.0,4.9,2
0.3574,124.3718,173.104,5.5,0
-6.7405,129.7153,139.18,4.5,1
4.2861,125.8045,102.101,4.5,2
2.5844,132.8355,10.0,4.5,2
-8.8581,119.3007,119.511,4.5,1
-0.2037,125.2294,51.274,4.9,2
3.1415,126.3533,60.893,4.7,2
-8.9212,115.696,128.0,5.4,0
-1.1438,100.2556,90.795,4.6,3
-0.5079,123.4515,10.143,4.5,2
-0.173,132.2951,10.0,4.5,2
-5.4006,131.3864,87.85,5.0,1
-5.0926,103.079,45.258,6.2,0
3.9797,95.8875,68.048,4.6,3
-6.2272,103.8061,25.585,5.1,3
-5.2295,102.9363,57.472,4.7,3
3.5265,127.0736,40.383,4.9,2
-4.7217,101.7512,35.0,5.0,3
-6.0996,130.4781,133.532,4.7,1
5.1037,127.2002,8.991,5.0,2
-5.1341,130.5138,108.107,4.6,1
-0.0089,125.2439,58.23,4.5,2
-10.4482,109.5031,10.0,4.6,3
5.2774,125.3273,186.011,4.8,2
-9.532,112.8708,35.0,4.5,1
-1.0764,98.5483,16.793,4.9,3
-1.0173,98.6652,43.0,5.7,0
-0.988,98.6046,17.0,6.2,0
-1.0508,98.5875,17.567,4.7,3
0.07,123.8441,103.906,4.8,2
-1.018,98.6831,20.73,4.5,3
-1.0575,98.6699,20.596,4.6,3
-1.1345,98.5391,18.54,4.6,3
-0.9764,98.6319,20.899,4.6,3
0.4786,122.1097,193.176,4.5,2
-5.8439,127.7807,401.077,4.5,4
-0.1006,123.2121,162.233,4.5,2
-3.7326,128.8572,126.249,4.5,1
-2.119,139.1948,28.49,4.6,1
-7.1999,128.9407,151.223,5.1,1
2.0763,97.8361,60.247,4.7,3
-7.5588,127.672,164.906,4.5,1
-7.316,128.7766,129.75,4.5,1
-7.1405,129.3638,129.365,4.7,1
-0.0487,126.6531,56.655,4.6,2
-4.0064,133.7802,15.042,4.5,1
-7.3047,128.5511,146.386,4.6,1
-5.0652,102.8928,55.021,5.1,3
-3.3085,135.8008,10.0,4.5,1
-5.9231,103.7173,55.951,4.8,3
1.6377,128.7865,10.161,4.5,2
-6.7701,129.5623,158.462,4.6,1
0.3467,121.9111,185.226,4.5,2
1.7848,127.4448,122.271,4.5,2
-7.5967,127.7492,166.161,4.8,1
-3.19,101.4217,34.0,5.4,3
0.0294,123.7649,141.792,5.1,2
0.0276,123.1881,159.254,4.6,2
1.3503,96.8708,10.0,4.7,3
-10.6237,109.6425,10.0,4.9,3
1.4012,96.967,10.0,5.1,3
-4.2333,102.2088,56.123,4.8,3
-0.1716,124.2793,8.703,4.6,2
-8.9419,127.1237,10.0,5.0,1
2.0788,126.5726,36.724,5.2,2
1.9809,126.5514,56.678,4.6,2
2.2893,129.1298,10.0,4.6,2
-6.9493,129.5525,150.44,4.9,1
-2.2492,138.1979,18.0,6.2,0
-2.2644,138.1792,30.0,5.9,0
-2.1841,138.2058,10.0,5.0,1
-2.2313,138.1784,21.0,6.2,0
-2.5544,138.5726,10.0,4.6,1
-2.2451,138.2228,10.0,4.6,1
-2.2376,138.1849,10.0,4.6,1
-2.3603,100.6472,50.366,4.6,3
-2.1919,138.1615,10.0,4.7,1
-2.2478,138.1065,10.0,4.9,1
-6.1523,127.5723,408.356,4.5,4
-1.149,98.654,20.0,6.0,0
-8.5663,128.5022,23.086,4.6,1
-1.2041,98.618,10.0,5.7,0
0.121,129.6265,17.425,4.8,2
-5.2755,132.5262,10.0,4.5,1
-2.2504,138.1701,10.0,4.7,1
0.5152,98.4895,57.869,4.5,3
3.6825,96.8103,90.991,4.6,3
-5.1876,125.6867,9.979,4.5,1
-2.306,138.1672,10.0,4.8,1
-5.2081,125.6671,10.0,4.7,1
-1.251,98.5818,18.095,4.9,3
-2.2821,138.0883,10.0,4.5,1
4.0375,127.816,128.031,4.5,2
-2.3975,138.131,10.0,4.8,1
-1.82,138.9137,29.589,4.6,1
-5.5597,124.8978,10.0,4.7,1
-5.5784,104.241,92.148,4.9,3
4.0975,126.5121,35.0,4.5,2
5.8983,127.0242,51.644,4.5,2
-2.0533,99.6071,19.034,4.8,3
-0.0155,124.4445,67.564,4.5,2
3.1481,126.052,101.318,4.6,2
-7.16,105.1422,24.613,5.0,3
-4.5312,124.0754,9.865,4.7,1
5.9725,125.8383,154.564,4.5,2
2.3732,126.9378,53.116,4.5,2
-1.1959,98.5697,19.227,5.0,3
-6.0609,131.0137,60.969,5.0,1
4.4236,96.5454,9.746,4.8,3
-8.5894,119.2589,129.819,4.5,1
0.1761,123.5657,168.865,5.0,2
-5.1545,125.5667,10.0,5.2,0
3.8109,96.0514,42.181,6.2,0
-5.2304,125.5654,10.0,4.6,1
-5.2434,125.6584,10.0,4.7,1
-5.266,125.6908,10.0,4.7,1
-5.2253,125.6891,10.0,4.6,1
-7.5005,121.7427,11.362,4.5,1
-9.3953,114.3631,74.072,4.9,1
3.9812,125.8702,155.494,4.5,2
4.3182,126.072,133.398,5.1,2
-6.5073,129.8361,157.984,4.6,1
-1.949,118.8751,10.0,4.7,2
-10.999,113.343,10.0,4.6,1
-5.1642,125.6773,10.0,4.5,1
3.2277,126.8959,35.0,4.5,2
0.1323,99.9509,10.0,4.5,3
2.9893,126.1825,55.746,4.6,2
2.7319,128.1508,73.152,4.6,2
-2.4346,139.9549,26.41,5.4,0
-5.4438,102.676,36.993,4.5,3
2.7648,128.4528,221.295,4.5,2
-6.6378,104.6916,42.829,4.5,3
2.1277,98.9004,18.363,5.9,0
2.0779,98.9937,12.802,4.6,3
2.2054,98.89,20.955,5.0,3
2.0517,99.0688,10.0,4.6,3
2.0209,98.9447,10.098,5.0,3
2.0807,129.0767,10.0,4.8,2
-3.83,101.8367,59.88,4.9,3
-6.7575,129.8913,126.728,4.6,1
1.6399,128.3477,70.112,5.0,2
-5.4564,129.1504,253.362,4.5,1
4.6515,126.0376,69.936,4.9,2
4.3179,125.8257,88.272,4.5,2
-8.0698,120.5649,10.0,4.6,1
-7.6935,130.0542,28.783,5.1,1
0.7755,126.2203,45.874,4.5,2
1.9232,98.8702,3.604,4.9,3
3.5144,125.9949,84.903,4.7,2
-5.1562,130.3529,10.0,4.6,1
-6.4551,131.3449,35.0,4.5,1
-7.5067,126.3676,13.579,5.1,1
-1.1306,128.8154,10.0,4.9,2
3.7831,127.0223,44.743,4.9,2
-6.8688,106.1694,62.714,4.9,3
-3.2249,130.4429,17.699,4.5,1
-2.4667,140.5871,27.539,4.6,1
1.838,97.8685,59.166,4.8,3
-7.4924,128.3533,154.26,4.5,1
3.6195,126.917,45.905,4.5,2
0.11,98.6187,49.23,4.8,3
-2.7753,140.1303,5.238,4.7,1
-6.1514,131.4772,69.863,4.5,1
-7.4068,128.4542,145.6,4.5,1
-3.0903,136.9143,51.014,5.1,1
-7.4496,128.3137,157.806,5.0,1
-8.8845,126.6451,21.173,4.5,1
2.1022,128.912,9.739,4.7,2
2.3236,95.9024,10.0,4.5,3
5.4352,126.4183,40.243,4.6,2
-7.3364,128.8389,165.26,5.2,1
-8.5202,118.8494,140.174,4.9,1
-3.0965,130.4648,10.0,5.0,1
0.0157,123.4561,140.893,5.0,2
-7.4961,127.7187,122.072,4.5,1
-4.3646,125.3462,459.85,5.0,4
3.2116,128.0122,71.968,4.6,2
2.1377,128.421,68.269,5.1,2
-9.0026,123.7407,113.567,4.6,1
-5.1643,102.4005,35.0,4.6,3
4.978,126.4278,77.164,4.5,2
-0.8263,121.5723,11.03,4.9,2
-6.9509,129.5696,143.955,4.9,1
2.5112,127.8156,86.534,4.6,2
-6.3063,103.6375,21.569,4.6,3
-1.0415,133.8499,33.367,4.5,2
2.7602,128.569,231.665,5.1,2
4.8039,124.1536,9.717,4.6,2
-7.491,128.599,140.135,4.7,1
2.7339,128.3889,213.146,4.5,2
-7.2159,121.2322,10.0,4.6,1
2.1717,128.9647,10.694,4.8,2
-10.8125,119.3419,10.0,4.5,1
2.2031,124.7403,205.935,4.5,2
-2.7512,139.4067,29.962,4.5,1
-0.2956,129.661,10.0,4.5,2
1.3636,126.256,40.741,4.6,2
2.1785,128.9953,10.0,4.6,2
0.3198,121.5564,206.271,4.6,2
-2.5693,134.3824,14.534,4.5,1
-6.7834,129.6895,138.863,4.6,1
0.4791,126.4109,48.723,4.9,2
1.8439,99.5189,179.876,5.2,3
-7.3962,107.0816,69.253,4.9,3
1.6404,126.9788,121.777,4.9,2
1.6723,99.5751,174.048,4.5,3
0.7271,125.3078,95.407,4.5,2
-6.565,130.5014,79.224,5.3,0
0.5425,126.6999,66.213,4.9,2
1.9835,127.1244,72.203,4.9,2
3.0532,128.5682,221.88,4.6,2
-2.6682,128.8439,10.0,4.6,1
4.1071,126.2033,88.998,5.0,2
3.6718,126.8508,28.805,5.1,2
0.1648,127.3152,153.382,4.7,2
2.5867,124.6644,231.0,5.6,0
1.9343,128.8469,9.844,4.9,2
-7.2349,119.7709,567.27,4.5,4
-6.4341,129.6721,158.285,4.5,1
2.8811,128.6623,35.0,5.0,2
-10.9543,113.3845,10.0,4.8,1
-6.4943,129.8708,159.907,4.5,1
4.2318,96.4225,11.74,4.5,3
-7.5104,127.8594,157.097,4.6,1
-3.7365,100.5702,10.0,5.0,3
0.0118,124.6601,10.893,4.6,2
-1.6042,137.1347,19.627,4.6,2
-4.982,131.6086,28.935,4.8,1
2.2271,129.3044,10.0,5.1,2
1.2541,123.1887,33.917,4.9,2
-8.0937,107.2903,52.975,4.7,3
-8.0496,107.418,55.403,5.2,3
-8.9501,108.8343,39.775,5.2,3
2.2023,129.1942,10.019,4.6,2
-6.1713,129.0225,256.659,5.0,1
0.021,124.3102,75.982,4.6,2
-7.1106,105.2314,53.004,4.6,3
-6.8267,105.4276,33.901,4.9,3
-4.7623,100.7623,10.0,5.5,3
-5.3485,102.3662,29.808,5.1,3
-4.7258,100.8121,10.0,4.5,3
-5.1158,133.9924,10.0,4.7,1
-5.0899,134.0778,26.452,4.9,1
-4.9043,100.7862,25.0,6.9,0
-4.5305,100.5796,10.0,4.6,3
-4.6015,100.5808,10.0,5.4,3
-7.7701,107.9887,69.988,5.0,3
-10.4363,123.7732,10.0,5.1,1
0.931,126.627,10.0,4.5,2
-7.3162,125.8218,377.831,4.5,4
-5.0127,100.7293,21.173,4.9,3
-6.836,106.9968,10.0,5.6,0
-1.7754,135.8419,29.68,4.9,2
-3.3015,127.4439,94.777,4.5,1
-4.6971,130.2515,117.724,4.9,1
4.984,127.4734,128.003,4.7,2
-7.9919,106.6302,30.421,4.6,3
-5.6417,130.8544,67.15,5.2,1
5.942,126.1256,93.598,4.8,2
2.2308,129.0132,10.0,4.5,2
-9.062,109.8346,31.975,4.7,3
-4.3213,100.387,21.979,5.1,3
-5.8769,130.4978,109.736,5.1,1
-7.9695,108.2488,76.311,4.5,3
-2.9475,129.7907,10.0,5.0,1
-3.0417,139.3231,37.63,4.7,1
2.2106,96.218,22.532,4.7,3
4.0359,126.6842,35.0,4.6,2
-7.4257,125.9078,10.0,4.5,1
-2.7789,139.1538,32.328,4.8,1
-2.6839,139.3565,35.0,4.6,1
5.5812,127.1411,150.253,4.6,2
3.5457,126.9551,87.592,4.5,2
-5.0322,100.7331,10.0,5.1,3
-1.9805,128.4227,44.529,4.6,2
-0.0397,123.2458,153.6,5.0,2
-8.6071,121.6032,183.417,4.5,1
-7.2331,107.6139,120.0,5.6,0
-6.0729,112.7465,600.749,4.9,4
0.9864,96.975,10.0,4.9,3
-9.1621,123.9568,66.995,4.5,1
-10.7234,113.386,17.0,5.9,0
0.0066,123.2081,166.15,5.0,2
-10.5362,113.448,10.0,5.3,0
-3.3975,130.8352,10.0,5.0,1
-3.4993,130.9926,10.0,4.5,1
0.7937,125.5433,51.735,4.9,2
-6.7109,107.1456,107.0,5.8,0
-8.9133,110.7498,86.832,4.5,3
-2.7657,139.1064,54.934,5.0,1
0.3829,123.884,205.302,4.6,2
0.3988,122.2117,118.012,4.7,2
-6.0629,104.1844,69.468,4.6,3
4.0615,128.712,10.0,4.5,2
-7.7262,104.3472,10.0,4.5,3
-10.7295,113.4056,10.0,4.8,1
-3.0848,137.8113,56.031,4.8,1
-10.1553,107.5719,10.0,4.5,3
-10.2241,118.7493,40.522,4.6,1
1.5628,128.2056,23.98,4.9,2
-7.8452,104.24,10.0,4.5,3
0.4625,123.7831,214.971,4.5,2
-7.0751,124.79,543.453,4.8,4
-3.3254,129.0412,67.967,4.9,1
-8.1765,115.6821,10.0,4.9,1
-8.256,115.6356,10.0,5.2,1
-8.2476,115.7397,10.0,4.6,1
-6.9656,129.4708,133.738,4.7,1
-9.5401,120.4798,89.693,4.9,1
-8.2852,115.5792,9.992,4.6,1
-2.712,139.596,42.541,4.5,1
4.0868,126.7133,55.036,4.5,2
2.8569,127.4994,85.796,4.8,2
-8.2016,123.8765,176.037,4.5,1
-4.6199,133.1516,10.0,4.7,1
-6.8594,105.1963,33.415,4.5,3
2.2456,129.2921,10.0,4.9,2
-7.1515,129.4308,124.796,4.7,1
-9.5724,110.3332,10.0,4.5,3
2.2103,129.2958,8.91,4.6,2
-6.2443,105.0176,35.0,4.9,3
-10.1658,118.8581,30.376,4.5,1
2.1638,129.1669,10.0,4.8,2
-6.5587,129.8526,157.803,4.5,1
-2.895,99.3826,10.0,4.6,3
-5.3796,104.6469,109.811,5.1,3
-6.9179,105.3723,35.0,4.5,3
-5.3158,131.1447,60.021,4.5,1
-8.5587,112.5433,84.758,4.5,1
-2.9284,127.6732,35.0,4.6,1
-4.4343,129.7292,152.044,4.6,1
-6.972,129.7701,124.683,4.8,1
-3.2974,139.885,73.066,4.6,1
-9.2275,109.5294,27.214,4.7,3
-9.1684,109.5722,46.858,5.0,3
-2.0173,128.2079,37.458,4.5,2
-6.081,103.739,35.24,4.6,3
-8.9175,122.3773,124.77,4.5,1
-5.7154,130.6418,84.565,4.9,1
-8.1375,120.2127,198.641,4.8,1
-2.6128,139.3007,35.0,4.5,1
-4.4278,129.6925,147.891,4.6,1
-2.7057,139.3883,35.0,4.5,1
-10.7665,113.3774,10.0,4.5,1
-6.7793,129.5032,161.85,4.7,1
-3.3841,130.8043,10.0,5.0,1
-7.1715,122.4614,10.067,4.5,1
-3.0102,127.7636,49.136,4.5,1
2.0797,127.1383,104.677,4.9,2
-0.2127,97.3082,10.0,5.3,3
3.7425,97.7725,10.0,4.7,3
-0.2207,97.3016,10.0,5.0,3
-7.0561,102.806,10.0,5.0,3
-0.1964,97.2636,16.955,4.6,3
-7.9548,128.8795,35.0,5.0,1
-2.5533,140.8007,30.83,5.5,0
-3.4567,131.0209,10.0,4.5,1
5.4686,97.1178,10.0,5.0,3
-7.0518,125.3116,489.148,4.5,4
3.5828,127.107,41.675,4.5,2
-8.2412,107.9549,82.842,4.5,3
-3.9229,133.3247,10.0,4.9,1
-2.4806,140.8033,25.295,4.6,1
-2.4736,140.8447,10.0,4.5,1
-2.4745,140.8809,10.0,5.1,1
-2.8884,134.2964,9.754,4.6,1
-2.9351,134.2411,10.49,4.6,1
-2.4465,140.7623,14.313,4.9,1
-2.6188,140.5861,25.145,4.6,1
-2.4752,140.7244,22.365,4.9,1
-1.0394,98.3047,15.181,4.6,3
-2.4665,140.909,12.704,4.6,1
-10.7304,113.4073,25.287,4.6,1
-2.4959,140.7411,19.763,5.1,1
-7.1121,105.1243,35.0,4.6,3
-7.3229,128.6204,124.722,4.5,1
1.9538,97.841,57.748,4.5,3
-3.8607,133.3183,10.0,4.5,1
4.1528,122.796,581.105,4.5,4
-2.4503,140.5724,27.527,4.6,1
-3.8126,133.4759,10.0,4.8,1
-8.8299,111.1757,67.859,5.3,0
-7.0586,130.009,104.95,7.6,0
-7.081,130.1162,108.246,5.4,0
-7.1707,129.7044,77.896,4.5,1
-6.2921,104.8324,57.413,4.8,3
-7.0226,129.9937,93.765,4.5,1
-2.8571,137.0171,68.897,4.8,1
-6.7715,131.3913,12.519,5.0,1
0.0107,123.5461,119.877,4.5,2
-8.4401,121.5966,10.0,4.5,1
-2.4758,140.6567,10.0,4.9,1
2.1524,125.9305,9.057,4.7,2
-0.2267,129.707,10.0,5.0,2
-7.0656,130.2688,86.848,4.6,1
-2.803,138.4123,44.478,4.7,1
-6.2506,130.1239,131.283,4.5,1
-5.0128,103.1291,66.413,5.3,3
-7.3104,128.8242,153.937,4.5,1
-9.1275,123.3759,91.787,4.5,1
-6.2165,106.681,154.129,4.8,3
1.6709,126.5954,72.437,4.5,2
1.5311,127.2195,137.953,4.8,2
-6.9566,129.8608,100.657,4.5,1
1.9837,97.9979,37.0,6.1,0
-3.9013,128.4635,128.221,4.8,1
-9.0476,112.5383,66.345,5.0,1
-8.3599,120.4568,10.0,4.6,1
-0.0116,123.1998,154.0,6.0,0
2.7306,127.0221,29.708,7.0,0
2.8239,127.0179,35.0,5.1,2
2.7322,126.9106,47.607,4.5,2
2.7108,126.9027,50.398,4.6,2
2.6154,127.0118,35.0,4.8,2
2.8174,127.1375,47.416,4.6,2
2.6982,127.1349,50.394,5.5,0
2.7363,127.079,67.668,4.6,2
2.7378,126.9009,30.531,4.8,2
2.7211,127.1358,48.764,4.5,2
2.7711,127.0537,56.605,4.6,2
2.8561,127.2252,54.864,4.5,2
0.9326,126.1034,47.262,4.6,2
2.7226,126.9833,46.534,4.6,2
-2.6854,139.6674,31.432,4.6,1
2.9276,127.0925,35.0,4.9,2
2.6606,126.9997,49.952,4.9,2
-10.9587,111.7241,10.0,5.1,3
2.6911,126.8984,46.469,4.6,2
2.6451,126.9312,60.838,4.5,2
2.6921,126.8287,51.121,4.8,2
2.7438,126.9974,46.353,4.6,2
2.7042,127.0452,35.0,4.5,2
2.7637,127.012,51.964,4.5,2
2.656,127.0019,55.119,4.5,2
2.8996,126.6652,23.649,4.5,2
-6.2617,125.4081,552.721,4.9,4
2.7749,126.987,41.554,4.7,2
2.9462,127.0475,52.185,4.8,2
2.7909,127.0919,52.848,4.5,2
2.7314,126.8195,46.251,4.7,2
2.6425,126.8328,54.043,4.5,2
2.7314,127.0244,51.227,4.7,2
3.5848,128.5719,11.49,4.9,2
3.0079,127.0761,53.381,4.7,2
2.745,126.9444,24.625,5.0,2
-5.2579,101.811,22.008,4.5,3
2.3923,126.7277,49.806,4.5,2
3.2514,96.195,46.404,4.5,3
2.7552,127.054,44.905,5.1,2
2.7842,127.0146,52.582,4.7,2
2.7651,127.0662,42.036,4.5,2
-4.4634,132.8145,10.0,4.6,1
5.9755,125.7624,78.819,4.6,2
2.657,126.6547,35.0,4.5,2
2.7214,126.9929,28.931,5.1,2
2.7978,126.9838,40.742,4.5,2
-2.8969,127.7539,42.674,4.6,1
-6.5142,129.4789,213.596,4.8,1
2.7381,126.9916,45.562,4.6,2
-2.6019,140.6559,31.651,4.7,1
-7.353,128.474,159.832,4.5,1
2.729,127.0199,37.868,4.7,2
2.8623,127.0919,30.351,4.5,2
2.6826,127.0214,35.0,4.5,2
2.777,127.1631,51.722,4.6,2
3.0151,127.0689,35.0,4.7,2
2.9525,127.0088,58.17,4.5,2
2.7568,127.0395,42.887,4.6,2
2.7944,126.899,30.491,5.0,2
2.8202,127.0015,9.735,5.5,0
-6.8426,106.9767,10.84,4.5,3
-5.3099,104.4247,92.48,4.5,3
2.7739,126.9144,18.473,5.1,2
2.569,126.3889,35.0,4.7,2
2.8182,126.944,35.0,5.8,0
2.8282,126.942,35.0,4.7,2
2.7746,126.8379,35.0,4.6,2
2.5213,126.4108,35.0,4.6,2
2.9043,127.088,35.0,5.4,0
2.8189,126.8519,35.0,4.6,2
2.8856,127.2573,35.0,4.5,2
2.9088,127.1235,35.0,4.6,2
2.9076,127.1653,35.0,4.5,2
2.7818,126.9104,35.0,4.9,2
2.7244,127.1493,35.0,4.5,2
2.8419,126.954,52.471,4.5,2
2.8024,126.9746,51.27,4.5,2
2.8339,127.0001,46.297,4.7,2
2.7706,127.186,42.651,4.6,2
2.738,126.8597,50.04,4.5,2
3.0821,127.016,35.881,5.0,2
3.555,128.5402,11.012,5.2,2
2.9423,127.2788,39.689,4.5,2
3.1604,127.0141,35.0,5.3,0
3.115,127.0491,35.68,4.5,2
2.8108,126.9383,43.5,4.6,2
2.8254,127.2766,36.436,4.5,2
2.8391,126.9856,35.0,5.7,0
3.3254,128.1163,10.0,4.7,2
2.84,127.0684,64.583,4.8,2
2.7257,126.7964,38.582,4.5,2
2.7929,126.8576,34.247,4.6,2
-6.5808,104.0229,50.657,4.5,3
-2.8466,129.6137,11.327,4.7,1
3.0504,126.9979,38.508,4.7,2
-6.5592,129.8483,164.479,4.8,1
1.9439,128.255,143.944,5.3,0
2.9066,126.8881,48.939,4.5,2
2.8499,126.9825,51.395,4.6,2
5.5924,125.0567,49.134,4.9,2
2.7358,127.0428,64.686,4.6,2
2.9047,126.9938,49.175,4.7,2
2.8896,126.9662,47.576,4.7,2
2.8491,126.9433,42.236,5.0,2
5.4659,126.1501,156.259,4.6,2
2.6589,126.6496,52.418,4.5,2
2.71,126.666,35.0,4.6,2
5.9313,125.9995,88.91,4.6,2
3.9105,128.5033,10.746,4.5,2
-5.2966,103.2863,62.107,4.6,3
-7.2931,107.6331,10.0,4.5,3
4.8691,126.4196,72.31,4.5,2
-0.2592,123.7721,91.751,4.6,2
-5.6197,103.89,63.707,4.7,3
-7.2013,106.0182,57.032,4.5,3
2.4828,128.2209,81.032,5.0,2
5.827,126.1074,54.106,4.5,2
2.6329,126.8298,31.589,4.9,2
2.8393,127.3198,35.0,4.5,2
4.7968,127.0199,55.858,4.5,2
-2.544,140.6838,26.925,4.9,1
-2.4294,140.6999,10.0,4.5,1
-7.6791,117.1506,326.66,4.9,4
-0.3604,123.1891,10.0,4.6,2
2.4404,128.7157,51.926,4.5,2
-7.2442,106.0073,50.524,5.4,3
-3.5923,126.5778,10.0,4.7,1
-3.4127,126.6997,10.0,4.5,1
-2.5466,140.6296,15.164,5.0,1
-2.644,140.5502,28.109,4.7,1
2.8377,127.0361,45.934,4.5,2
-2.629,140.6461,13.008,4.5,1
-2.5777,140.6658,23.641,4.6,1
0.4469,100.2393,140.516,4.9,3
2.22,127.0319,106.673,4.5,2
-2.598,140.5588,9.924,5.1,1
-4.2629,129.4962,134.213,4.6,1
-2.2921,140.1828,25.298,5.0,1
3.5892,126.6923,25.0,5.9,0
-7.1414,129.5051,91.802,4.5,1
-1.5979,134.1792,45.658,4.5,2
-1.6638,134.0766,61.167,5.1,2
-7.412,128.8569,157.564,4.8,1
0.4212,129.3998,18.201,4.7,2
0.4766,121.0268,100.759,4.7,2
-4.7514,133.8255,10.0,4.6,1
3.9801,128.6382,10.0,4.7,2
2.9209,126.913,56.769,4.5,2
-5.7351,103.6313,50.956,4.5,3
-7.0694,129.2511,142.17,4.6,1
-5.6626,128.657,334.944,4.9,4
-6.6176,132.106,39.742,6.1,0
-7.4754,128.5832,113.445,4.7,1
-8.1979,115.8285,9.015,4.6,1
-2.8851,130.3161,20.65,4.9,1
0.5305,119.579,10.0,4.6,2
2.4206,125.9377,59.996,4.9,2
2.846,128.5433,227.098,4.6,2
2.7233,126.9943,35.0,4.8,2
2.7197,126.9851,35.0,4.8,2
1.9113,96.6141,27.722,5.0,3
3.3019,123.9216,413.219,4.6,4
-4.2796,102.192,54.981,4.8,3
0.3205,96.6363,10.0,4.5,3
-6.2551,130.0966,21.58,4.9,1
-7.0256,129.5058,114.224,5.6,0
3.4848,95.6365,34.959,4.6,3
1.2873,126.7287,47.89,4.5,2
3.2796,128.1356,92.0,6.3,0
3.7003,128.7389,10.0,4.5,2
2.8649,126.1296,35.262,4.9,2
-5.6564,103.855,62.41,4.8,3
-7.3486,129.0126,126.21,4.6,1
-0.2165,124.5,72.339,4.8,2
5.6459,126.2682,66.83,4.6,2
1.7709,125.8777,11.402,4.8,2
-8.5589,123.3885,187.493,4.9,1
-1.614,120.2491,38.883,5.5,0
-6.7285,129.7509,158.879,4.5,1
1.3696,125.7758,64.487,5.1,2
1.3991,125.4671,10.0,4.6,2
2.6997,126.5308,45.296,4.5,2
-3.4497,127.3112,76.402,4.5,1
-1.0701,137.0767,23.766,4.6,2
-1.5655,100.8384,93.325,5.0,3
-1.0061,137.2045,14.342,4.7,2
2.4517,128.2614,74.41,4.6,2
2.8152,127.0643,54.595,4.6,2
-3.8512,101.8071,57.716,5.0,3
-1.7176,120.0864,39.789,4.6,2
-4.8468,134.1151,10.0,4.5,1
-0.4513,123.0211,88.033,4.5,2
-2.6248,121.9255,37.987,4.5,1
5.9794,125.6336,148.974,4.5,2
-9.3706,112.4379,45.416,4.8,1
0.0195,123.2731,136.334,4.5,2
-7.5183,128.0995,165.314,4.5,1
5.774,125.911,151.146,4.8,2
-6.4702,104.0023,43.518,5.3,3
2.5012,128.5099,68.839,4.5,2
-0.2533,124.5471,39.334,5.3,0
-6.7662,132.4641,37.034,4.5,1
1.9672,97.9366,44.501,5.3,3
-6.6535,128.5883,11.058,4.6,1
4.8221,123.6907,505.318,4.6,4
-7.2085,130.3102,35.0,4.6,1
0.6665,125.2312,82.255,4.5,2
2.2757,127.962,10.0,4.5,2
4.7016,126.9061,56.549,5.4,0
-10.5406,113.313,10.0,5.2,1
1.7877,126.2915,38.467,4.6,2
-9.1634,119.3964,109.771,4.5,1
-9.021,109.7511,49.69,5.0,3
5.9274,126.9418,70.175,5.0,2
5.9215,125.7693,120.468,4.7,2
2.3235,128.9316,9.355,4.8,2
-7.0196,127.694,10.0,4.5,1
2.3089,128.7618,10.724,4.9,2
2.3544,128.8453,10.0,4.9,2
-3.7623,101.8745,63.378,5.0,3
-2.8192,128.1035,10.0,4.7,1
-5.6983,103.4108,55.638,4.5,3
2.3682,128.8217,10.0,4.9,2
-2.6045,140.6548,31.115,4.5,1
2.9116,126.8566,35.0,4.6,2
-8.8079,123.1645,109.009,5.1,1
-7.6686,127.8664,136.643,4.7,1
-2.6524,138.9266,37.315,4.9,1
-7.1,125.9603,467.734,4.5,4
-10.8314,113.3152,10.0,4.6,1
-2.63,138.8846,38.421,4.6,1
-5.2821,102.0343,26.252,4.5,3
1.1801,128.2596,8.318,4.5,2
-7.5361,130.3788,23.546,4.9,1
-4.9564,131.9605,53.021,5.1,1
-7.4573,130.179,10.0,4.9,1
5.344,125.6996,72.223,4.8,2
-4.1286,133.275,10.0,4.5,1
-0.3747,123.5348,75.11,5.0,2
2.3449,128.7933,35.0,4.6,2
5.9533,126.3284,11.616,4.9,2
-8.2445,116.7356,12.174,4.9,1
1.9095,127.1701,116.804,4.7,2
-9.6154,115.1606,61.428,4.8,1
-7.9949,120.7216,24.523,4.9,1
-2.9117,130.0455,22.041,4.7,1
-7.8107,118.6792,10.886,5.6,0
-4.369,136.8088,10.202,4.5,1
-3.4915,131.1264,10.0,4.5,1
2.8351,95.4664,26.339,4.9,3
-0.9327,126.8468,10.0,4.5,2
0.8388,98.835,84.0,6.1,0
-8.2205,123.8573,181.539,5.0,1
4.5926,127.3525,61.179,4.5,2
4.5905,126.5997,122.456,4.7,2
-0.536,122.1838,10.0,5.2,0
-10.7373,113.3038,10.0,4.7,1
-5.7355,104.0727,84.8,4.6,3
-6.1704,103.8988,37.531,4.5,3
-1.8632,138.9458,26.979,4.5,1
1.9123,127.1046,100.508,4.8,2
-9.5317,117.7092,66.135,4.6,1
-9.6608,115.1234,62.275,5.0,1
-9.5889,115.1162,58.547,5.1,1
3.5634,128.6073,10.0,4.7,2
3.8631,126.8212,40.692,4.6,2
2.0579,126.5897,43.63,5.0,2
5.8532,126.7748,83.529,5.3,2
-6.0675,129.2177,238.114,4.8,1
-10.6756,113.3955,19.551,4.5,1
-6.425,130.9951,65.608,5.0,1
-10.5099,124.281,10.0,4.6,1
-2.4139,139.8511,30.596,4.5,1
5.297,127.8771,10.0,4.7,2
-2.082,139.0775,25.544,5.0,1
-6.0413,112.0478,597.0,7.0,4
-6.0524,113.0021,578.05,5.4,4
5.8734,125.7475,193.701,4.6,2
-4.8305,102.9546,62.192,5.5,0
-3.9506,128.6734,150.808,4.5,1
-8.2065,107.8663,54.354,4.7,3
-6.0145,111.8376,601.332,4.7,4
-4.8734,102.9421,62.556,5.1,3
-7.7411,127.1199,125.224,4.5,1
-3.7721,101.8354,61.569,4.5,3
-3.9924,100.315,10.0,4.9,3
-3.9889,100.3129,16.199,4.5,3
0.1413,123.574,147.691,4.7,2
2.7652,127.0501,21.0,5.9,0
2.8167,127.1418,48.8,4.8,2
2.8045,127.1544,52.75,4.5,2
-5.2611,125.585,4.0,6.2,0
-5.2695,125.5677,10.0,5.0,1
-5.3494,125.6371,13.712,5.5,0
-2.0062,125.9262,10.0,4.9,2
-0.7618,98.5942,21.0,5.8,0
-0.9402,98.4892,20.0,5.7,0
-0.8598,98.5035,22.72,5.2,3
-0.8863,98.7009,22.933,4.6,3
-1.0392,98.3974,16.274,4.7,3
-0.8016,98.6029,18.401,5.2,3
2.7519,127.1388,52.985,4.6,2
2.712,127.0354,44.359,4.5,2
3.3968,126.6947,35.0,4.6,2
2.3989,126.7428,54.445,4.5,2
-4.889,102.968,66.805,4.7,3
-0.8082,98.5112,34.0,7.1,0
-0.9345,98.5221,21.352,5.0,3
-4.0017,134.092,24.048,4.7,1
4.7731,95.4679,82.536,4.9,3
4.5264,95.1193,68.432,4.6,3
-0.7335,98.591,25.639,5.1,3
3.2052,98.5528,10.0,4.6,3
-4.775,133.8946,10.0,5.7,0
-4.7811,133.9484,10.0,5.5,0
-8.7232,118.9843,115.551,4.9,1
2.5502,96.6329,35.487,4.8,3
-4.8221,133.8587,10.0,4.5,1
-4.9445,133.8131,10.0,5.1,1
-4.7849,133.8681,10.0,4.6,1
-10.791,113.4291,10.0,4.5,1
1.3426,126.2937,19.922,5.2,2
-0.379,132.564,42.58,4.6,2
-5.1975,102.4123,37.744,4.5,3
3.4003,125.9293,105.349,5.2,2
-3.6848,128.6711,118.911,4.8,1
-10.6627,121.6641,11.499,4.5,1
-0.9139,123.3579,10.0,4.5,2
-7.2201,120.1721,581.478,5.0,4
2.3479,126.7295,35.0,4.8,2
2.3453,126.7916,53.379,4.8,2
-6.1787,129.1515,244.917,4.5,1
0.831,126.124,36.549,4.7,2
0.9141,126.1256,35.0,4.9,2
5.7168,127.2145,35.0,4.5,2
2.1855,125.9771,78.766,4.5,2
-4.7125,133.8773,10.0,4.7,1
-4.0089,134.8916,13.996,4.6,1
-6.5679,104.7998,19.579,5.1,3
-6.537,104.7185,45.195,4.6,3
-6.6579,104.7385,7.575,4.9,3
1.2029,97.0828,27.231,5.0,3
5.8776,125.3675,90.915,4.9,2
-7.2326,124.5946,556.756,5.2,4
-3.1255,128.952,21.057,4.5,1
-6.8932,129.5235,150.269,4.7,1
0.4875,126.9209,122.433,5.0,2
-0.1072,124.9618,59.505,4.8,2
1.9536,126.7368,49.813,4.6,2
-9.1708,124.3813,35.0,4.5,1
-3.3239,135.3431,11.45,4.5,1
1.4595,126.4928,46.303,4.8,2
-0.2525,124.5073,59.557,4.6,2
1.6579,127.3691,133.607,4.5,2
-1.0883,120.3466,49.159,4.8,2
-1.0993,120.3773,36.481,4.7,2
3.1142,126.819,35.0,4.6,2
-6.6092,129.2493,10.0,5.2,1
-3.2314,139.8157,30.273,4.5,1
3.0902,126.6613,35.0,4.5,2
-10.1151,111.0585,10.0,4.5,3
3.0781,126.7467,48.463,5.1,2
5.7587,124.5398,71.423,4.9,2
5.8038,124.5777,72.525,4.5,2
-2.9948,139.1775,42.145,4.5,1
-7.9393,115.2242,9.578,4.5,1
5.7164,124.5005,62.174,4.7,2
5.6719,124.2704,17.872,5.2,2
-6.9484,129.5293,158.0,6.2,0
-9.2785,114.9566,80.202,4.6,1
1.1724,126.3169,10.0,4.6,2
-7.9128,123.1573,10.0,4.7,1
1.2905,97.0344,25.721,4.7,3
-5.0782,131.2423,61.254,4.5,1
-6.1218,130.444,156.111,4.9,1
-7.6392,128.669,85.381,4.6,1
-0.8752,98.673,21.087,5.1,3
-3.6262,128.2527,117.6,5.2,0
5.2849,125.979,138.988,4.5,2
1.8388,99.4829,157.081,4.9,3
4.809,125.4626,10.0,4.6,2
-6.517,127.7706,360.798,4.5,4
-6.3651,130.3349,133.431,4.7,1
-6.8207,130.3819,114.92,5.2,1
-3.0827,137.3178,52.249,5.1,1
1.6786,125.6479,104.227,4.9,2
-10.0963,118.7098,37.76,4.7,1
-7.651,107.0857,55.528,4.8,3
0.7602,126.3698,34.244,4.7,2
-4.8096,133.75,10.0,4.5,1
-5.5204,132.4481,28.685,4.6,1
-8.8517,110.7921,18.0,5.6,0
-8.0929,120.6452,10.365,4.7,1
-1.9529,125.687,10.0,4.7,2
-2.8026,129.2057,10.0,4.9,1
2.6326,128.2532,100.834,4.5,2
-1.2003,98.2138,10.0,4.6,3
-2.8089,129.2529,10.0,4.6,1
-5.5068,104.2986,78.3,4.6,3
-6.6353,129.8513,153.318,4.5,1
-0.0302,123.0761,153.835,4.8,2
-5.6791,102.9252,33.357,4.8,3
-2.9534,136.6526,42.782,5.2,0
5.6506,126.7573,10.0,4.5,2
-7.3151,130.1386,93.778,4.5,1
-5.5934,104.1733,80.011,4.9,3
-6.5253,131.2612,31.595,4.5,1
3.5269,126.5868,49.776,4.5,2
-9.1792,123.9135,35.0,4.6,1
-8.0178,122.9059,204.616,4.5,1
2.6182,126.1509,55.789,4.6,2
1.8842,128.2345,116.374,4.5,2
-7.5792,127.6638,143.953,4.5,1
-0.1794,125.208,54.48,4.8,2
-0.171,125.0959,60.603,4.6,2
5.4391,126.9515,11.668,4.6,2
2.071,128.3152,92.57,4.8,2
5.8912,126.3995,92.963,4.5,2
-0.9601,98.4763,18.664,4.6,3
-0.9713,98.6027,19.993,5.5,3
-5.6173,131.0552,90.612,4.6,1
-6.336,131.1564,60.901,4.6,1
-4.0001,100.697,10.0,4.5,3
2.6571,95.878,28.14,4.8,3
-9.0684,112.6486,120.514,4.6,1
-6.3554,130.1497,164.01,4.6,1
1.6379,126.6483,47.793,4.5,2
0.5158,126.3366,46.588,4.9,2
2.1413,98.479,91.467,5.2,3
-7.0095,105.1986,21.034,4.5,3
-7.0553,129.9077,133.046,4.9,1
2.1059,126.5527,44.571,4.7,2
5.6935,125.8156,120.851,4.6,2
-6.9487,129.4659,178.298,4.7,1
-7.0055,124.899,552.869,4.6,4
3.3941,127.9104,102.912,4.7,2
-0.5743,122.4631,10.0,4.9,2
-8.6478,110.0229,76.421,5.9,0
-6.2265,125.1595,541.104,4.5,4
-7.9093,117.6532,11.629,4.7,1
-6.7413,103.8629,26.011,4.5,3
-5.8879,132.0141,10.0,4.7,1
-3.6552,137.5595,10.653,4.5,1
-0.1034,97.3302,19.818,5.1,3
0.009,97.2781,14.72,4.6,3
-0.0973,97.3263,10.0,4.7,3
-3.7466,140.1181,13.794,5.4,0
5.8358,124.3778,35.0,4.8,2
-3.7202,140.1572,10.0,4.7,1
-0.1117,97.2198,10.0,4.5,3
-0.1738,97.4082,17.015,4.5,3
-2.4256,120.9115,10.0,4.5,1
-0.091,97.3276,10.0,4.8,3
0.0089,97.2079,10.0,5.1,3
-7.872,105.8935,23.495,4.5,3
2.1477,122.6855,10.0,4.6,2
-7.0119,129.4318,126.526,5.3,0
-2.4479,140.0781,22.617,4.9,1
-0.0824,126.5816,58.368,4.5,2
-0.1285,125.2476,51.574,4.7,2
-5.7735,128.8695,308.516,4.5,4
3.8315,96.0442,71.438,4.5,3
4.1732,95.8678,64.465,4.7,3
0.6731,126.4335,6.863,4.5,2
-10.1507,118.8415,16.765,5.0,1
-10.3331,118.5836,27.143,4.5,1
2.9924,127.3139,44.178,4.8,2
-10.1666,118.7309,27.264,4.6,1
-3.7414,140.1675,10.0,4.7,1
-3.6915,140.1054,10.0,4.8,1
-7.1256,129.3139,82.614,4.6,1
-1.5112,126.4061,10.0,4.9,2
-2.5092,140.0921,35.0,4.7,1
-1.5393,126.4716,10.0,5.6,0
-1.5166,126.3639,10.0,5.0,2
5.7772,124.0668,9.0,5.4,0
-7.8816,116.6576,10.0,4.8,1
-4.1432,129.3699,148.5,4.6,1
-2.3162,122.7484,10.0,4.5,1
-2.3594,122.6732,10.0,4.5,1
-3.1814,139.7735,29.42,5.2,0
3.1049,128.4342,214.209,4.9,2
-1.5687,126.4517,10.0,5.2,0
-1.3518,126.6246,10.0,4.5,2
-1.3855,126.4777,10.0,4.5,2
0.661,126.3662,5.991,4.6,2
-1.4963,126.4794,10.0,4.5,2
-6.8104,129.7257,160.871,4.6,1
-1.4068,126.5605,10.0,4.7,2
-1.4541,126.4713,10.0,4.7,2
-5.3791,102.0612,24.947,4.8,3
-8.257,119.6531,157.132,4.9,1
0.4809,126.4911,56.277,4.6,2
0.5371,126.2781,24.994,4.5,2
-3.2059,130.9006,31.693,4.5,1
-7.4543,128.1542,153.539,4.5,1
-4.8352,102.9967,67.921,4.5,3
2.6433,127.2759,93.124,4.5,2
-8.6271,111.1186,96.623,5.1,3
0.8233,126.0798,35.0,4.5,2
-9.0432,123.9238,87.512,5.6,0
-5.6108,110.1019,556.485,4.7,4
2.2525,126.8188,55.246,5.1,2
-7.3328,121.9453,10.0,5.0,1
4.775,124.963,11.677,5.1,2
1.4539,128.233,73.062,5.0,2
-6.7414,116.1172,531.126,4.7,4
-9.0757,123.652,86.794,4.5,1
-7.4818,128.1559,150.068,4.9,1
2.9043,128.1377,184.607,4.5,2
2.8096,127.1677,21.798,4.7,2
1.1104,120.2937,646.537,4.5,4
-6.1265,113.093,575.691,5.5,4
-7.8026,133.2423,10.0,4.5,1
-0.2079,124.954,40.0,5.6,0
-0.2185,125.2527,58.816,4.7,2
1.3184,97.0931,31.95,4.6,3
-1.5439,126.4291,10.0,4.5,2
-7.9279,107.2712,54.615,4.5,3
-1.1715,120.2762,10.0,5.2,0
-1.0937,120.3249,10.0,4.7,2
-1.0804,120.281,10.0,5.3,0
-1.0339,120.4428,10.0,4.8,2
-8.322,116.7424,10.0,4.5,1
-9.6864,114.0638,42.764,4.9,1
-9.6865,114.2165,43.84,4.5,1
1.8342,125.9571,10.0,4.5,2
-9.6857,112.8598,35.0,4.9,1
-4.2168,101.9884,66.983,4.9,3
-2.4641,101.1067,76.873,4.5,3
-3.1166,101.1695,52.426,4.9,3
4.2838,126.0748,137.507,4.5,2
-5.761,131.4651,86.496,5.2,1
4.0482,125.7234,124.686,4.7,2
0.7372,121.4877,87.663,4.9,2
-5.6391,133.8123,10.0,5.1,1
-1.2482,136.7271,24.799,4.6,2
-5.718,133.7809,10.0,4.6,1
3.7067,126.5118,28.542,4.6,2
0.0989,97.3088,10.0,4.5,3
-0.1253,97.2984,10.0,4.5,3
-7.4501,128.2613,150.434,4.6,1
-0.6518,121.2134,18.433,5.0,2
-7.5463,127.6895,143.786,4.5,1
-7.5857,127.4938,163.756,4.5,1
-8.3786,121.4462,173.0,5.5,0
-4.122,135.1603,10.0,4.5,1
4.4504,125.029,104.402,4.5,2
1.511,126.3738,55.646,4.6,2
-7.4965,105.5471,54.787,5.4,3
4.3786,96.2924,10.0,4.6,3
0.2594,121.926,194.594,4.8,2
-1.6699,134.6227,29.863,4.7,2
1.7638,128.8495,10.0,4.6,2
5.1078,127.4328,153.071,4.8,2
-7.4132,120.4887,515.398,5.2,4
-3.3154,130.687,21.632,4.5,1
2.7247,128.541,235.257,4.6,2
-1.5295,126.4129,10.0,4.6,2
3.3506,125.6998,60.685,4.5,2
-6.2006,130.5364,57.286,4.9,1
-1.6289,126.4513,10.0,4.6,2
0.886,121.9616,77.693,4.9,2
-6.4582,129.9218,146.378,4.6,1
-6.0825,130.6393,62.66,4.7,1
-7.208,126.0944,448.877,4.6,4
-1.3489,133.9292,39.594,4.5,2
4.3673,126.5051,28.833,5.3,0
-6.7888,116.5211,500.0,7.1,0
-6.8165,116.6136,514.072,5.5,4
-7.0269,117.2121,481.974,5.7,4
-5.5578,129.9456,203.0,5.9,0
-8.5178,118.3393,132.424,4.6,1
-6.1023,103.9727,48.125,5.0,3
-9.4768,123.9031,47.151,5.4,0
0.764,95.83,18.915,4.8,3
-9.2868,121.8927,85.339,4.5,1
4.924,125.6615,109.192,4.7,2
-5.3795,101.969,31.992,4.5,3
2.1697,127.241,104.328,5.0,2
5.6574,126.5287,78.2,4.7,2
-4.7134,131.0449,42.872,4.6,1
-4.3075,102.1942,55.212,4.9,3
2.5656,95.8459,23.817,5.1,3
2.68,127.0446,48.8,4.9,2
-6.5323,104.4164,35.0,4.8,3
-6.7386,129.5326,149.372,4.8,1
4.405,127.7487,130.486,5.1,2
4.1863,126.1948,115.34,4.5,2
-6.8316,116.5593,512.824,5.6,4
-6.1147,130.1955,119.454,4.5,1
-7.3801,128.5175,151.225,4.7,1
0.0018,119.7663,13.0,6.0,0
1.6033,99.7384,172.239,4.5,3
0.8842,97.0238,10.0,4.5,3
2.3262,127.5239,87.377,4.9,2
2.5155,127.0783,57.368,4.5,2
1.6239,127.0086,116.075,4.9,2
-6.6601,125.0518,10.554,4.5,1
-3.0567,139.681,73.082,4.8,1
1.1246,127.4888,151.0,6.0,0
-7.8116,120.5544,10.0,4.5,1
-5.754,110.1746,650.655,5.0,4
-10.9865,113.3733,10.0,4.6,1
1.1311,126.3201,12.114,5.0,2
-5.8118,102.9512,31.44,4.8,3
3.8828,126.2644,8.99,4.9,2
-0.4861,133.1929,10.0,5.0,2
1.3177,128.1758,102.854,4.5,2
-8.6567,118.3208,143.567,4.5,1
-3.5985,140.5826,50.632,4.5,1
-5.2663,103.6856,60.758,4.9,3
0.2972,98.4256,29.383,4.6,3
-3.7983,140.239,48.933,4.5,1
-6.2583,122.647,10.45,4.6,1
-7.0623,129.7277,147.0,5.8,0
1.9095,96.9269,33.273,5.2,3
-7.1307,129.1247,177.076,4.8,1
-6.7268,129.7261,171.147,4.5,1
-6.928,130.0115,90.45,4.7,1
4.7109,127.5053,94.0,5.9,0
4.6957,127.4741,35.0,4.5,2
3.1467,126.9475,57.627,4.5,2
-3.3385,128.858,17.573,5.0,1
-2.7226,128.7449,23.65,4.7,1
1.9903,97.4814,50.637,4.6,3
-5.5574,104.4582,10.261,4.5,3
-2.8762,126.5562,11.046,4.9,1
-6.611,129.6152,146.025,4.6,1
-6.3631,130.1749,171.316,4.8,1
-1.5266,126.4075,10.0,4.5,2
4.8524,125.1348,10.0,4.5,2
-8.6407,130.4273,10.0,4.5,1
-9.0912,105.4816,10.0,4.9,3
-10.6211,113.1065,10.0,4.7,1
-6.9332,106.7791,113.044,5.3,3
-6.826,129.9373,80.354,4.7,1
-4.1801,134.0052,10.0,5.3,0
-4.0538,134.0323,10.0,4.5,1
5.0962,127.0894,66.765,4.5,2
4.5477,127.5947,82.879,5.1,2
-5.179,102.2641,32.221,4.9,3
-9.3367,124.7888,29.389,4.6,1
5.3171,126.0438,113.0,6.4,0
4.3363,125.7723,107.765,4.6,2
-4.4736,127.0835,10.0,5.0,1
-7.436,128.1145,176.033,4.7,1
-0.2866,97.4413,10.0,4.7,3
-6.2399,103.7334,36.384,4.6,3
-0.2941,125.1354,39.7,4.9,2
-7.5802,133.4064,10.0,4.5,1
0.3711,122.1918,137.358,5.0,2
3.2721,127.0418,36.062,4.8,2
-8.5457,112.5505,85.237,4.7,1
-6.6423,129.7757,167.479,4.6,1
3.0841,125.7969,153.159,4.6,2
-4.5721,133.9193,10.0,5.2,1
-10.2267,119.9149,10.0,4.9,1
-4.9423,103.149,69.714,4.5,3
-2.7543,126.6638,10.0,4.9,1
-8.1194,118.1201,10.0,4.6,1
-9.4844,113.3423,36.136,4.5,1
-7.8723,107.2582,58.526,5.1,3
-2.9082,139.6418,10.0,4.7,1
-6.2105,103.7782,41.57,4.6,3
-2.9714,129.819,18.765,4.9,1
-2.9626,129.9558,21.1,4.6,1
1.3441,96.8835,10.0,4.5,3
2.1185,127.8186,228.275,4.6,2
-0.6961,98.4562,20.764,4.8,3
0.7895,125.206,61.205,5.1,2
2.5721,128.5847,232.31,4.7,2
-8.1309,118.0737,10.0,4.7,1
0.4566,98.343,36.191,4.7,3
1.1821,127.962,9.894,5.0,2
-2.8077,128.1203,10.0,4.5,1
1.0473,124.7792,138.675,5.2,2
-7.1498,129.2243,154.0,5.5,0
-9.5654,120.1216,76.206,5.0,1
2.3531,126.6958,35.0,4.9,2
-0.1472,125.9031,76.492,4.6,2
-7.6305,125.8938,10.0,5.5,0
-7.5849,125.6274,10.0,4.6,1
-7.6204,125.7484,10.0,4.5,1
1.7474,120.2411,24.286,5.4,0
-7.7126,125.7735,10.0,4.5,1
-4.2937,102.0246,55.976,5.1,3
-8.2774,119.6946,186.43,4.6,1
-8.5457,113.8826,104.007,4.5,1
-0.0156,123.7355,130.882,4.9,2
5.1626,127.203,94.284,4.8,2
1.5569,129.3017,10.0,4.9,2
-8.3219,121.5495,10.0,5.0,1
-10.0561,123.7541,51.0,6.1,0
-5.9198,130.7214,146.816,4.6,1
-2.8043,127.8364,30.824,4.6,1
-4.7129,101.9319,64.804,4.7,3
1.5451,125.412,10.0,4.6,2
-4.0323,128.9868,136.744,4.5,1
1.8004,97.7446,48.064,4.5,3
-5.9452,131.1637,101.902,4.5,1
-4.0445,127.3808,224.891,4.5,1
-5.143,102.5404,44.193,4.9,3
-6.1808,130.2602,164.003,4.5,1
-1.4082,126.4252,10.0,4.6,2
-4.5754,139.2716,10.368,4.6,1
-7.498,127.7793,172.862,5.2,1
-10.2128,118.1755,20.65,4.9,1
-7.2677,129.3392,160.254,4.6,1
-7.6819,127.383,179.766,4.5,1
-6.4442,129.7518,10.0,6.7,0
-6.416,129.5466,6.0,7.1,0
-6.5514,129.8283,10.0,4.8,1
-6.3915,129.6503,10.0,4.6,1
-6.1801,129.8961,10.0,5.2,1
-6.2881,129.9353,10.984,4.6,1
-6.345,129.957,10.0,5.1,1
-6.5341,129.6256,10.0,4.6,1
-3.4978,129.6057,54.405,4.7,1
-6.4328,129.576,10.0,4.5,1
-6.1855,129.868,10.0,4.5,1
-6.3749,129.6196,9.565,4.6,1
-6.2818,129.4989,10.0,4.7,1
-1.9205,139.1611,23.741,4.9,1
-6.131,129.8738,10.0,6.7,0
-6.2748,130.0879,10.0,4.7,1
-6.1276,130.0501,10.0,4.7,1
-6.3101,129.8316,10.0,4.6,1
-6.3425,129.7966,10.0,4.6,1
-6.1189,129.8739,10.0,4.5,1
-6.1417,130.0219,10.0,4.5,1
-6.0305,129.9218,10.0,4.7,1
-6.0391,130.0129,10.0,4.8,1
-6.0901,129.7665,10.0,4.5,1
-6.2604,129.9685,10.0,4.5,1
-6.1015,129.9979,10.0,5.0,1
-6.2479,129.8962,10.0,4.6,1
-6.1137,130.7434,10.0,4.5,1
-6.0441,129.9997,10.0,4.6,1
-6.1073,129.9496,10.0,4.5,1
-6.0433,129.9946,10.0,4.6,1
-6.1203,130.1824,8.953,4.5,1
-5.4786,130.2365,10.0,5.3,0
-5.5082,130.2415,10.0,4.7,1
-6.0618,129.8777,10.0,4.5,1
-5.5021,130.199,10.0,5.1,1
-6.3451,129.5232,10.0,4.6,1
-6.3189,129.5419,10.0,4.7,1
-6.0236,129.7778,10.0,4.5,1
-6.2424,130.3508,10.0,4.5,1
-5.6651,130.2065,10.0,4.5,1
-5.8549,130.2714,10.0,4.6,1
-6.0044,130.0229,10.0,4.8,1
-6.02,130.2186,10.0,5.9,0
-6.0168,130.003,10.0,4.5,1
-5.8638,130.0319,10.0,4.5,1
-6.0845,129.9292,10.0,4.6,1
-6.1208,129.9476,10.0,4.8,1
-5.9168,129.9853,10.0,4.8,1
-7.0405,129.6776,112.072,4.5,1
-6.0976,130.0606,9.969,6.1,0
-6.104,129.9405,8.578,5.0,1
-6.1227,130.1012,10.0,4.9,1
-6.0958,130.1099,10.0,5.3,0
-6.1476,130.1327,10.0,5.6,0
-6.1757,130.1405,10.0,4.6,1
-6.139,130.0818,10.0,4.5,1
-6.2493,130.0183,10.0,4.5,1
-1.9507,139.3305,26.513,4.7,1
-5.7066,130.1561,10.0,5.7,0
-6.7324,116.3912,518.09,4.6,4
-6.1155,130.032,10.0,4.5,1
-10.1256,123.6626,35.0,4.6,1
-9.9173,123.699,42.657,5.2,1
-6.2591,129.6664,10.0,4.6,1
-3.6024,140.1941,41.45,5.3,0
-0.6198,135.8047,10.0,4.5,2
5.8937,124.3413,35.0,4.9,2
-5.8841,130.1522,10.0,5.2,1
-6.2657,129.716,9.991,4.5,1
4.9181,126.4698,75.656,4.6,2
1.3856,125.7397,10.0,4.6,2
-5.8839,130.1858,11.218,4.5,1
-6.0092,130.0042,10.0,4.8,1
-3.5315,101.4988,56.133,4.8,3
-8.8087,124.09,116.744,4.5,1
1.9998,124.1476,289.0,5.8,0
-3.785,138.674,93.322,5.1,1
-9.9467,123.7764,10.0,4.6,1
-6.05,130.0327,10.0,4.6,1
-5.1082,102.8581,54.577,4.6,3
-2.4108,138.8023,10.0,5.2,0
-5.8438,130.2738,9.232,4.7,1
5.5627,125.0013,52.0,6.7,0
-7.5528,107.3045,66.025,4.9,3
5.533,124.9855,74.942,4.5,2
-2.9945,100.0625,23.026,4.9,3
0.82,119.4683,24.577,4.7,2
-5.5979,130.2128,7.838,4.5,1
-9.5638,112.8628,43.435,4.5,1
-6.2753,129.5428,10.0,4.6,1
5.677,125.2156,84.367,5.0,2
-0.5476,135.8426,17.009,5.2,0
1.7827,127.1887,102.0,6.0,0
-6.2654,129.6097,10.0,4.6,1
-6.5998,129.4207,10.0,4.5,1
5.5742,125.1139,88.745,4.7,2
0.6483,126.6757,45.824,4.5,2
-6.3786,129.6366,10.0,4.6,1
5.9335,126.5949,102.687,4.5,2
-10.6412,120.6426,14.784,4.5,1
-10.6328,120.6613,15.236,4.6,1
-10.5785,120.4811,16.636,4.6,1
-6.1992,129.8018,7.439,4.6,1
-3.594,131.3711,10.0,4.7,1
3.3346,124.7649,10.0,4.5,2
1.3425,127.9982,148.42,4.9,2
-2.3376,139.1478,26.899,4.6,1
2.6829,128.5208,229.969,4.5,2
2.2134,129.0876,10.0,4.9,2
2.1491,129.052,10.0,4.7,2
-8.2103,119.6815,183.928,4.5,1
-6.271,129.6993,10.0,4.6,1
-3.4719,139.7516,34.463,4.5,1
2.2506,96.0937,10.0,4.5,3
-0.1757,125.1721,53.95,4.8,2
-8.0933,119.8861,175.981,4.5,1
2.1558,129.0266,15.11,4.9,2
-2.7223,129.4178,19.414,5.0,1
-2.7647,129.4745,10.594,4.7,1
-9.7881,112.511,43.519,5.2,3
-7.0345,129.6876,117.236,5.5,0
-3.4668,102.0368,116.82,4.8,3
-2.7242,129.5494,10.0,4.8,1
-2.8417,129.769,15.419,5.0,1
-8.2591,119.8114,189.204,4.5,1
-2.7823,129.3648,10.0,5.2,0
3.5472,126.8715,46.238,4.8,2
3.5674,126.8618,44.104,4.5,2
2.5629,128.2423,62.979,5.1,2
3.1941,126.6826,41.408,4.6,2
-1.1405,126.8473,10.0,5.0,2
5.7478,125.3216,78.721,4.8,2
-2.6009,99.9941,35.243,4.6,3
1.8063,126.3784,54.695,5.0,2
5.9419,127.1164,74.394,4.6,2
1.0045,120.7906,576.502,4.6,4
-3.6376,140.6335,61.048,5.1,1
-4.4103,139.4579,10.356,5.0,1
-7.9464,127.5926,57.124,5.0,1
2.6627,128.2722,122.003,4.8,2
-0.4441,101.3587,255.387,5.0,3
2.4633,126.7122,50.457,4.5,2
-10.3354,116.8988,35.0,5.1,1
4.9283,127.5308,10.0,4.5,2
2.0407,96.7775,29.597,4.5,3
-7.3417,128.669,161.226,4.8,1
-6.8597,106.5246,10.4,4.5,3
0.1199,124.0114,104.287,5.0,2
-7.2237,105.9547,40.422,4.8,3
-6.7879,130.4237,116.052,4.5,1
-6.8918,129.5256,158.377,4.9,1
1.6227,126.6154,48.662,4.5,2
1.0036,125.9371,33.83,4.5,2
-0.3273,98.8494,51.179,5.0,3
-3.2127,130.56,10.0,4.6,1
-2.4708,140.1438,10.0,5.1,1
-3.3023,138.4537,42.306,4.6,1
-7.4114,130.3421,31.331,4.5,1
-7.1442,122.3963,10.354,4.7,1
-7.2501,119.1459,591.214,4.9,4
-0.9024,126.79,10.0,4.5,2
2.7011,128.2749,173.775,5.2,2
3.2291,126.9565,50.145,4.5,2
-0.0928,123.0929,141.084,4.5,2
-0.6899,127.0738,54.434,4.6,2
1.2821,123.142,70.02,4.7,2
-8.6868,105.5688,10.0,4.7,3
2.6388,128.1978,62.909,5.1,2
-6.357,129.6802,10.0,4.9,1
0.4641,125.3686,56.326,4.9,2
1.3767,128.2814,10.0,4.9,2
-7.1437,104.8131,26.163,4.9,3
-7.9232,117.8425,15.846,4.6,1
5.0747,126.0217,109.751,4.9,2
0.3607,123.1898,230.316,4.6,2
-8.583,118.2004,141.603,4.6,1
4.0237,126.6495,47.429,4.7,2
-0.0357,122.9301,133.502,4.5,2
-9.7104,124.905,10.0,4.5,1
-9.9486,123.7035,39.974,5.0,1
-7.7769,107.9533,72.197,5.1,3
1.156,126.3562,47.743,4.6,2
-7.3765,128.6381,154.099,4.5,1
-2.9934,139.372,33.0,6.3,0
-7.9706,107.8946,64.467,4.6,3
3.9902,128.2428,10.0,4.6,2
-6.7592,107.8299,12.158,4.8,3
4.0416,128.3381,10.0,4.9,2
-7.8936,117.8591,10.0,4.7,1
-0.1092,123.6177,81.212,5.3,0
-6.6246,107.7514,10.0,4.5,3
-6.9605,129.8294,134.512,4.7,1
-10.1167,123.7618,35.0,4.9,1
-7.3086,106.3106,98.951,4.8,3
1.9692,121.9592,10.0,4.6,2
-5.1758,102.8473,50.003,4.5,3
-6.9962,129.7689,137.491,5.0,1
1.5765,128.6075,10.0,4.6,2
-1.2518,126.9104,10.0,4.5,2
-7.7606,117.1072,304.454,4.7,4
-7.9732,129.6334,23.502,4.5,1
-0.4947,125.7796,41.805,4.5,2
-7.5197,128.2649,156.201,4.9,1
-4.4156,128.7336,10.67,4.7,1
4.7913,127.8373,67.031,4.5,2
-1.8154,122.5443,10.0,4.9,2
-2.284,99.6708,17.148,5.2,3
4.9225,126.1575,62.574,6.7,0
4.8164,126.0506,82.702,4.5,2
4.7116,126.3124,97.409,4.5,2
0.0777,96.5636,10.0,5.1,3
-4.5621,133.9948,10.0,4.9,1
-6.1958,103.8378,52.022,4.5,3
2.025,128.3971,67.32,4.6,2
-9.5674,106.7721,10.0,4.6,3
4.8837,126.43,44.076,5.0,2
1.2531,126.2584,74.725,4.7,2
5.5013,125.1256,80.959,4.6,2
-0.3092,125.9247,48.424,4.6,2
4.8037,126.1553,92.124,4.5,2
-6.2979,128.7139,252.219,4.6,1
4.3428,125.7007,88.75,5.0,2
-6.5954,129.9871,156.244,4.5,1
1.3347,126.2949,25.01,4.8,2
-8.6149,118.3022,136.247,4.5,1
-7.6536,126.6732,189.836,4.5,1
3.9569,95.8972,58.424,4.7,3
0.3008,122.3663,145.933,4.5,2
-3.6254,140.1434,36.171,4.9,1
-6.3153,101.442,10.0,4.6,3
0.4372,126.3801,40.124,4.5,2
-8.429,119.9523,192.679,4.7,1
-1.0938,121.5194,10.0,4.9,2
-1.1211,121.5279,10.0,4.6,2
-0.4098,99.1052,55.463,4.6,3
-4.6367,134.0506,10.0,4.5,1
0.4868,126.5094,54.254,4.5,2
-7.4861,128.733,143.552,4.5,1
-10.3373,120.2513,12.166,4.9,1
-8.3882,112.3912,148.994,4.6,1
5.3214,125.3615,191.376,4.6,2
-10.0912,119.7249,16.552,4.6,1
-4.0114,133.7644,10.0,4.8,1
-1.5186,100.5675,88.018,4.6,3
-1.5368,126.2728,10.0,4.5,2
-6.2013,130.11,136.091,5.3,0
-9.0048,107.2367,22.147,5.0,3
-8.2065,121.1669,21.643,5.6,0
-8.736,115.6407,122.306,4.6,1
-9.052,107.2371,19.59,4.5,3
-8.4235,119.0656,146.099,4.9,1
4.5353,125.7835,163.893,5.0,2
5.0869,125.5611,181.731,4.5,2
1.7998,128.638,10.746,4.9,2
1.8874,126.4795,41.461,5.0,2
-2.4736,138.2909,36.961,4.9,1
-9.7745,106.3453,10.0,4.5,3
2.3788,126.9728,35.893,5.0,2
-0.3615,124.2912,65.931,4.8,2
-7.611,127.5594,165.021,4.9,1
1.8745,98.9652,121.898,4.7,3
-2.152,100.4749,51.246,5.0,3
2.3086,126.8276,37.124,4.6,2
0.7128,121.2997,84.952,4.7,2
-0.3082,124.2463,51.288,4.9,2
-4.114,140.1864,86.573,4.9,1
-7.4996,106.7717,47.359,4.5,3
-3.3229,130.8029,10.0,5.2,0
-5.2346,129.5638,212.411,4.8,1
2.3956,128.3891,49.052,4.6,2
-0.0419,135.9398,10.0,4.6,2
5.7765,125.796,92.374,4.6,2
-2.439,140.0919,27.518,4.5,1
5.719,127.0083,119.695,4.6,2
-6.3871,130.1068,150.389,4.9,1
2.9092,126.5762,66.521,4.5,2
5.0873,125.3865,10.431,4.9,2
-3.2606,115.0429,13.597,4.9,3
3.9875,126.4623,45.373,4.5,2
-3.6393,131.2452,10.0,4.5,1
-7.5451,128.2409,155.434,4.5,1
-8.3032,112.234,117.578,4.5,1
3.1816,125.7753,149.364,4.5,2
-6.0222,130.4337,112.326,4.9,1
1.3797,120.2649,33.238,4.5,2
2.5023,128.2584,75.17,4.5,2
-7.2116,129.2819,144.671,5.0,1
-6.2111,113.9306,606.447,5.1,4
-0.6873,98.4764,19.996,5.3,3
1.4886,126.3142,40.999,4.5,2
1.5608,126.3822,43.096,4.6,2
3.9671,128.6605,10.0,5.2,2
4.0394,126.0238,135.986,4.7,2
-7.2716,127.1392,273.002,4.6,1
1.667,127.1734,127.998,4.5,2
-7.3405,105.9282,34.0,5.6,0
-7.3755,105.9647,45.156,5.2,3
0.5112,98.5291,53.895,4.6,3
-5.9318,130.6181,107.409,4.9,1
-7.4263,105.8777,39.521,4.7,3
-9.5137,125.062,10.0,4.9,1
1.0956,98.7388,86.439,4.7,3
-9.6383,125.0983,25.424,4.7,1
-6.766,132.6528,10.0,4.6,1
-10.4607,113.5799,10.0,4.9,1
-4.7608,139.56,10.0,5.2,1
0.4993,98.4902,50.726,4.9,3
-7.0029,129.4917,152.373,4.5,1
-7.0651,106.8453,62.864,4.9,3
-4.7845,139.5471,10.0,4.5,1
-6.4264,130.3297,132.632,4.6,1
-4.7938,139.5625,10.0,4.7,1
-5.0063,103.0276,63.387,5.1,3
-5.8279,102.179,10.0,5.2,3
-4.8792,102.8413,63.154,4.9,3
5.9286,125.6375,188.887,4.7,2
-5.8465,130.2352,198.376,4.5,1
-4.8258,134.1471,10.0,5.2,1
5.1726,125.9703,111.162,4.7,2
-1.2024,127.3049,10.0,4.6,2
-6.7934,130.0144,101.947,4.5,1
-1.6235,126.561,10.0,5.0,2
5.8168,126.9407,115.0,6.0,0
-7.2929,129.1918,88.58,5.0,1
-2.9216,139.6323,39.154,4.5,1
-7.2613,129.028,136.977,4.9,1
2.4283,128.53,238.1,4.5,2
-6.5577,129.8569,169.876,5.0,1
3.584,126.6472,49.974,4.5,2
-0.1457,125.2455,39.0,5.7,0
-0.1274,125.2292,42.886,5.0,2
-2.8997,129.6562,10.0,4.9,1
3.2463,126.8012,35.522,4.6,2
2.3458,128.6532,52.802,4.7,2
-2.186,125.8073,10.837,4.5,1
-6.2941,129.8438,9.098,4.5,1
4.8928,126.0525,95.074,4.5,2
4.9072,127.3776,125.895,4.7,2
1.5419,126.259,35.211,4.9,2
1.1459,126.331,57.173,4.9,2
-7.5295,127.6824,161.916,4.5,1
-6.0235,130.1513,9.784,4.6,1
-2.0189,100.4628,67.702,5.0,3
-7.1405,129.0233,148.278,4.6,1
-7.32,128.5769,154.783,4.9,1
-2.008,137.4266,12.374,5.1,1
3.6607,126.246,71.962,4.5,2
-4.26,137.1257,10.0,4.5,1
-5.8155,112.3187,10.0,5.6,0
-5.909,112.3829,10.0,5.2,3
-5.8754,112.3646,9.471,6.4,0
-5.8687,112.4593,10.0,4.7,3
-5.8799,112.4008,10.0,4.6,3
-5.8168,112.3642,10.0,4.5,3
-0.6262,99.1304,40.849,4.5,3
-5.8805,112.3914,10.0,4.5,3
-4.652,101.9841,52.6,4.7,3
-6.8336,105.2556,40.974,4.6,3
-4.5597,102.7307,62.692,5.3,3
-0.1493,123.0219,116.455,4.9,2
-9.4207,122.1832,62.174,5.7,0
-1.7427,133.2473,42.523,5.1,2
-7.4873,108.6034,114.644,4.7,3
0.9462,125.3984,91.935,4.6,2
-8.9375,100.4771,10.0,4.6,3
0.1915,123.7769,132.285,4.6,2
2.2452,126.6421,43.564,4.6,2
3.8954,126.8914,35.075,4.6,2
-2.2339,128.1796,10.0,4.6,1
-9.1955,110.1543,59.247,5.0,3
2.0792,126.9937,105.135,4.8,2
-1.0605,128.6019,10.0,4.5,2
2.4604,126.7767,44.161,4.7,2
-8.3385,119.3068,13.711,4.5,1
-6.9816,129.8219,116.745,4.5,1
-6.7485,129.5881,159.442,4.5,1
-6.6174,129.5701,130.623,4.5,1
-3.3008,123.371,10.805,4.8,1
-3.2778,123.3041,10.0,4.6,1
-5.8654,112.3387,10.0,5.1,3
0.029,123.3349,142.442,4.9,2
5.6722,125.4013,77.408,4.6,2
1.6071,126.3817,60.52,4.6,2
0.5402,98.5578,57.402,4.8,3
-3.277,138.2881,65.268,5.0,1
5.4354,126.3625,109.123,4.5,2
-8.9592,118.6205,10.0,5.0,1
-6.5495,103.9286,38.777,5.0,3
-7.4766,128.0757,152.645,4.9,1
4.4316,127.6413,69.786,4.5,2
-2.9386,127.9159,40.803,4.5,1
-1.6951,134.4237,6.66,5.9,0
-1.585,134.4849,10.0,5.5,0
-4.8484,103.0229,67.106,4.7,3
-1.6306,134.5247,10.0,4.8,2
2.6982,127.0624,22.0,6.4,0
2.6953,127.1553,57.2,4.5,2
-2.8482,129.3735,11.315,4.6,1
4.4196,126.8765,55.843,4.6,2
2.6875,127.3579,63.918,4.6,2
-2.8826,129.401,15.272,4.9,1
3.6958,126.7665,45.378,5.0,2
-5.3294,140.3274,37.657,4.6,1
2.226,126.6873,38.856,5.2,2
1.2373,126.175,51.842,4.6,2
2.1044,126.6086,39.341,5.0,2
2.4779,126.821,38.551,4.5,2
-7.5578,127.5419,137.47,4.9,1
-7.0497,124.9542,503.626,4.9,4
-7.2481,105.9559,35.0,4.8,3
-1.5885,134.541,10.0,4.7,2
-5.7846,112.3528,10.0,4.6,3
-0.7813,99.1417,39.055,4.5,3
-6.4294,128.373,286.092,4.5,4
-8.0916,109.1453,89.255,4.6,3
1.2138,126.9155,10.0,4.8,2
-6.4631,130.7692,94.189,4.6,1
-2.0882,100.5671,70.955,4.7,3
4.1059,123.1329,10.0,4.6,2
-8.9573,111.2888,54.28,5.1,3
-8.8902,111.2844,35.0,5.3,0
0.7313,123.8229,265.51,4.7,2
0.9268,98.8196,84.287,4.5,3
-7.6091,127.57,156.468,4.5,1
-6.1009,127.5448,401.25,4.5,4
0.1939,122.5476,165.994,4.8,2
-2.8826,100.0292,23.585,4.8,3
-3.4578,128.3996,44.964,4.6,1
-9.264,107.8787,15.342,4.6,3
-10.4664,115.0966,10.0,5.0,1
-2.0433,127.8296,10.0,4.5,2
1.4676,122.2348,37.604,4.7,2
0.5368,122.3026,111.821,4.6,2
-7.0303,105.3894,35.0,4.7,3
-6.3715,130.1414,166.953,4.9,1
-8.005,107.2798,59.701,6.1,0
-3.4035,126.9545,10.002,4.5,1
1.694,97.0405,31.015,4.6,3
2.2997,126.767,20.048,5.3,0
-7.1005,129.3481,135.674,4.6,1
-7.1223,129.1285,172.334,4.5,1
1.3302,128.0641,109.165,4.6,2
-2.9404,126.8092,10.0,4.9,1
-9.3686,118.9147,88.056,4.8,1
-3.691,131.3583,10.0,4.7,1
0.2887,123.789,204.324,4.5,2
-2.1168,100.5858,65.742,4.9,3
-3.1731,130.7625,10.0,4.9,1
-3.3167,130.9618,16.0,6.1,0
-3.3053,130.9364,10.0,5.5,0
-3.4156,131.0652,10.0,4.6,1
-3.2428,131.0326,10.0,4.5,1
-7.404,128.5122,152.504,4.8,1
-1.0587,120.5697,10.0,4.5,2
-8.4503,111.1264,95.412,4.6,3
5.729,124.6392,50.41,5.0,2
-9.1457,115.8631,103.998,4.7,1
-6.3576,103.2283,25.963,4.7,3
-10.3854,118.268,22.427,4.5,1
-9.9638,107.8311,10.0,4.8,3
-3.5015,101.5725,57.076,4.9,3
-7.1153,129.4163,117.888,4.5,1
-8.963,113.0701,73.282,4.8,1
1.1007,126.8344,80.751,4.9,2
0.9271,123.8264,274.091,5.3,0
-5.801,112.5206,10.0,4.8,3
-7.6085,123.6003,272.778,4.9,4
-8.2223,115.9724,22.776,5.3,0
-2.6412,122.0899,10.0,4.6,1
-5.7174,106.7857,258.545,4.9,3
3.838,122.9135,524.072,5.5,4
-6.0889,130.6375,132.17,4.5,1
2.3173,128.5835,38.666,4.7,2
-7.7527,106.4882,44.223,4.8,3
4.583,126.8745,71.239,4.5,2
-8.9412,112.6283,88.44,5.0,1
-4.9066,103.0257,64.18,4.9,3
-2.2033,138.2031,22.062,5.3,0
2.5846,95.8545,10.0,4.6,3
0.1267,123.6754,127.916,5.0,2
-4.8826,133.3798,10.0,4.5,1
-3.8331,101.7888,63.19,4.5,3
-1.2499,134.9942,30.066,4.7,2
2.3711,126.7089,49.516,4.8,2
0.798,131.7068,10.0,4.8,2
1.1293,126.3869,11.972,5.0,2
-4.8063,133.8863,10.0,4.5,1
-7.0924,117.1591,607.927,4.8,4
-2.7955,129.3514,10.0,4.5,1
0.9649,126.2895,55.361,4.5,2
2.3003,128.6869,32.542,4.6,2
-10.2431,111.4012,10.0,5.0,3
-10.0713,111.3396,10.0,4.5,1
0.6152,125.9548,41.858,4.5,2
2.8091,95.6066,21.0,5.7,0
-8.2027,119.674,192.524,4.5,1
5.4185,126.4129,10.542,4.6,2
-7.0192,129.9608,124.386,4.7,1
-7.2459,129.0251,156.747,4.5,1
2.7227,95.6187,10.0,4.6,3
-3.8294,101.4887,46.458,4.8,3
5.2032,126.1199,10.0,4.6,2
-2.7221,122.0453,10.0,5.0,1
5.6407,126.0584,105.577,4.8,2
-0.0246,123.3358,138.23,4.5,2
-2.0472,128.3331,10.0,4.6,2
-8.8368,124.0343,110.224,4.8,1
-1.6626,134.5006,36.038,5.0,2
2.4354,128.1828,135.767,4.8,2
-4.5789,102.0216,40.394,4.6,3
0.914,125.2979,78.11,4.7,2
2.0429,127.8149,233.222,4.8,2
-0.2229,122.4956,10.0,4.6,2
-2.9237,138.8345,48.904,5.0,1
-4.1309,123.376,10.14,4.8,1
0.7248,126.1364,11.344,4.5,2
-3.5998,127.3315,10.0,4.6,1
-3.6756,100.6221,19.0,5.5,3
-3.5702,100.7411,10.0,5.0,3
-7.9087,117.9494,206.392,4.8,1
0.4195,98.5655,65.051,5.1,3
-9.0052,116.8448,10.967,5.0,1
-2.9853,138.2779,37.384,4.6,1
4.8079,126.1105,78.534,4.5,2
-7.1935,121.0887,529.051,4.8,4
-3.3966,128.298,91.39,4.5,1
-2.994,139.2269,39.22,5.3,0
1.4247,127.1965,151.14,4.5,2
4.8573,126.0864,96.521,4.7,2
-2.9812,139.1659,32.815,4.6,1
-3.0248,127.7925,43.21,4.5,1
-5.9321,131.1775,68.999,4.5,1
-3.3321,126.8794,10.225,4.6,1
0.26,124.8977,78.925,4.6,2
1.2488,121.8009,40.216,4.5,2
4.8187,95.855,105.522,4.7,3
0.8589,97.7622,40.995,4.6,3
-7.3596,103.4801,10.0,4.5,3
4.3762,126.4544,39.0,5.8,0
-2.9337,130.2509,10.0,4.7,1
-7.5433,127.705,155.338,4.8,1
5.5951,125.9799,111.276,4.5,2
-1.8879,100.3445,61.34,4.8,3
2.1735,128.1289,168.946,4.5,2
-5.954,102.9511,26.641,4.9,3
3.1837,127.2673,45.789,5.6,0
-3.0257,130.0302,16.705,4.5,1
-4.868,103.0097,66.241,4.7,3
4.8219,125.2875,58.813,4.9,2
-9.4645,112.8829,59.234,4.8,1
-8.2476,119.5232,178.258,4.5,1
-3.5909,99.508,10.0,4.6,3
-9.2833,106.6125,10.0,4.6,3
-3.5436,139.8835,77.081,5.0,1
-7.826,118.2574,195.917,4.5,1
1.4602,127.158,122.399,4.6,2
-2.691,128.8609,22.913,4.5,1
-2.8186,129.5288,10.0,4.5,1
-2.8347,129.5274,10.0,4.8,1
-2.7893,129.5468,10.0,4.6,1
5.1831,125.9944,10.544,4.5,2
4.7844,127.7135,79.482,4.9,2
1.9554,128.4441,72.942,4.7,2
-7.0643,129.9588,87.686,5.4,0
-1.5654,126.4371,39.61,4.8,2
-3.138,130.584,10.0,4.6,1
5.6364,125.6322,202.604,4.5,2
-5.9579,126.6144,9.78,4.6,1
-0.3864,123.237,52.135,4.7,2
-3.4353,101.6325,72.568,4.5,3
-6.5376,103.4533,21.51,4.9,3
2.9365,125.7646,9.984,4.5,2
-9.3734,107.4144,20.277,5.2,3
-8.4548,121.946,205.056,4.5,1
-2.2167,120.954,10.0,4.5,2
-6.3043,130.099,167.004,4.9,1
3.1263,126.7697,55.714,4.5,2
-0.6616,122.6595,10.0,4.6,2
-6.3033,130.3797,151.41,4.6,1
2.5454,127.049,62.056,4.6,2
-7.4118,128.6775,152.203,4.5,1
2.3726,96.1497,29.386,4.8,3
-8.1109,119.9248,195.632,4.5,1
-4.345,102.1892,53.17,4.8,3
3.4871,95.0303,23.795,4.6,3
-6.6832,131.7226,10.0,4.5,1
-6.8574,109.7394,11.081,4.5,3
1.585,127.7619,7.722,4.5,2
1.1409,128.274,10.323,4.6,2
-5.4067,101.0211,9.0,5.4,3
-5.3642,101.1133,10.0,4.9,3
-6.7725,130.2325,114.573,4.5,1
-8.9479,124.2237,65.588,4.5,1
-0.1146,124.014,101.558,4.6,2
-7.4777,105.0173,17.056,4.9,3
1.2947,126.3177,10.0,5.0,2
-3.774,126.0627,10.0,4.9,1
-6.3924,124.5354,596.73,4.7,4
2.7618,95.3985,10.0,4.8,3
4.8663,126.2235,82.893,4.5,2
-5.1326,101.0246,10.0,4.8,3
3.8812,128.1604,10.16,4.9,2
5.6272,126.8542,103.496,4.5,2
-4.1759,102.0879,71.708,4.9,3
-0.0716,122.2244,243.744,4.6,2
1.2023,126.1216,48.375,5.3,0
4.2527,124.6162,23.714,4.6,2
-5.1622,101.0511,10.0,5.3,3
-3.353,139.1557,57.687,4.5,1
0.7348,126.0494,21.222,5.0,2
1.5195,127.7706,10.0,5.0,2
1.5763,127.7664,8.149,5.1,2
1.5116,127.7517,9.272,4.5,2
-2.106,138.3421,29.84,4.5,1
0.1,96.4867,10.0,5.1,3
-5.3334,131.1812,63.93,5.0,1
-1.5967,99.5882,35.0,4.9,3
-5.0716,100.1189,10.0,4.5,3
1.522,127.7874,10.0,4.9,2
-8.4323,128.827,10.0,4.5,1
-2.9716,139.2043,45.484,5.2,0
-6.8505,125.2827,524.857,4.8,4
-10.0576,123.7239,35.0,5.2,1
-6.5121,130.0446,153.351,5.1,1
-6.1464,102.8461,10.0,5.3,3
-7.3691,128.681,144.012,5.5,0
2.4142,128.5134,230.569,4.6,2
1.7545,127.2578,120.389,4.5,2
2.6348,128.4464,228.397,4.8,2
-6.2708,130.0296,146.713,5.2,1
-7.4937,127.8333,165.783,4.6,1
4.7254,126.2064,98.487,4.5,2
-5.691,133.7127,10.0,4.8,1
-6.6727,129.8366,143.8,4.7,1
0.014,123.1947,143.889,4.9,2
-0.2513,133.0315,10.0,4.6,2
-6.9498,129.4089,127.895,4.5,1
-3.5521,138.022,76.154,4.6,1
2.4509,95.8246,10.0,4.7,3
-3.7425,128.4259,130.831,4.5,1
-7.2564,105.1156,35.0,4.7,3
1.4565,126.9241,115.254,4.6,2
-6.5383,103.4144,22.641,5.0,3
-6.3554,132.7176,10.0,4.9,1
0.5731,126.5943,60.954,4.5,2
1.6697,127.2138,125.096,4.5,2
-2.0696,138.3855,35.0,4.5,1
3.3547,127.0295,42.22,4.6,2
-9.1202,120.5383,75.465,5.1,1
5.5837,126.6302,96.37,4.8,2
2.7155,117.6911,10.0,4.8,2
1.5521,127.315,139.346,4.5,2
2.3936,126.52,54.11,5.0,2
2.3704,126.7132,51.744,4.5,2
-5.4954,128.736,328.078,4.8,4
-8.9043,112.5855,59.667,4.6,1
5.0093,95.5821,9.459,4.5,3
-2.1045,100.7159,73.821,4.7,3
-6.0714,129.6299,206.706,4.5,1
-6.5957,104.3954,39.785,5.0,3
-9.311,114.0158,63.192,4.8,1
-9.3375,114.116,59.082,4.5,1
-9.3438,107.7159,8.526,5.0,3
-7.6359,106.0795,19.222,5.0,3
-1.0027,137.1667,10.0,4.6,2
0.8498,97.0161,10.0,4.5,3
-7.9939,122.9566,220.918,4.9,1
-9.3647,107.7318,10.0,4.9,3
4.9416,125.6433,186.825,4.5,2
-6.6591,128.0377,337.956,5.0,4
-3.4441,135.6599,10.0,4.9,1
2.2156,126.6791,45.114,4.5,2
-5.5472,131.7314,10.0,4.6,1
-6.404,104.5155,41.025,4.7,3
-9.9512,116.4563,50.019,4.8,1
3.3507,122.6226,547.674,4.5,4
-6.6006,128.0544,312.228,4.6,4
1.267,99.0434,117.197,4.5,3
0.0614,123.7266,131.668,4.6,2
-6.991,129.6463,99.201,5.1,1
5.8928,126.8308,127.71,4.9,2
1.9766,127.1135,70.787,4.8,2
-7.6284,125.8773,10.0,5.1,1
-9.114,119.2947,10.0,4.9,1
-2.4708,121.2186,10.0,4.7,1
-3.2937,101.7684,10.862,4.5,3
-6.574,105.1914,49.145,4.8,3
-4.5066,102.0653,11.915,5.0,3
-7.0319,129.7173,135.186,4.6,1
1.0961,126.4084,35.0,5.3,0
-8.7602,110.259,54.841,5.4,0
5.6829,127.0321,138.84,4.5,2
-7.1565,129.4461,78.0,5.8,0
-9.488,118.5645,56.954,4.6,1
5.4625,124.9552,65.666,4.8,2
-3.4079,139.7218,49.939,5.0,1
4.8108,125.3428,10.0,5.0,2
3.7986,126.5018,46.933,5.0,2
4.4509,96.4009,10.0,4.6,3
4.4904,96.3353,10.0,4.9,3
5.5662,126.795,61.074,4.5,2
-7.0984,129.089,148.565,4.6,1
-2.2489,125.5923,10.0,4.6,1
5.3427,126.3604,11.086,4.8,2
-7.508,126.491,10.0,5.0,1
-2.2874,100.8712,71.113,4.5,3
-0.2348,124.5515,36.451,5.2,0
1.6713,127.1522,123.08,4.5,2
4.4666,128.0586,60.998,4.5,2
-5.4079,102.6434,19.632,5.3,3
5.6967,125.0407,80.511,4.7,2
-8.1642,106.829,10.274,5.0,3
3.2356,128.1094,61.256,4.6,2
-4.0183,136.8692,147.292,4.5,1
-8.4371,115.3374,10.0,4.9,1
5.7845,126.286,113.935,4.6,2
4.3404,126.7337,48.5,5.1,2
-8.6863,124.1939,125.81,4.8,1
-7.0106,130.0817,126.622,4.6,1
-8.0073,117.2259,12.041,4.6,1
4.6972,126.5809,60.965,5.0,2
-9.201,110.289,46.56,4.6,3
4.9515,126.7812,67.573,4.7,2
-9.1722,110.332,35.0,4.7,3
-8.8316,115.4826,115.489,4.5,1
1.8932,99.0554,127.607,5.0,3
-7.3767,106.6662,51.169,5.0,3
1.3429,118.4805,6.526,5.5,0
1.0382,127.9268,10.0,4.6,2
0.4987,126.744,68.067,4.5,2
-2.4802,138.9879,32.827,4.9,1
-7.2418,107.5662,10.0,5.0,3
-7.4991,126.2869,10.0,4.5,1
2.3226,122.7685,463.624,4.5,4
2.1924,128.6935,26.101,5.2,2
2.3789,128.4621,41.584,5.1,2
2.3519,128.8539,8.985,4.5,2
2.0754,128.6901,63.221,4.7,2
0.7959,98.8208,86.281,4.9,3
-8.3784,115.3408,10.0,4.6,1
-0.0469,122.8918,143.0,6.0,0
-4.6309,102.6663,62.263,4.8,3
3.4933,126.9349,47.295,4.6,2
0.5654,99.7589,150.106,4.6,3
3.0962,122.424,536.792,4.5,4
3.2134,125.6383,174.056,4.6,2
-4.1519,129.8853,36.969,4.6,1
2.4975,126.838,46.013,5.2,2
-5.677,131.1859,66.742,4.5,1
1.1593,98.8652,100.61,4.8,3
0.4813,122.3155,122.886,5.0,2
-5.9828,124.8988,576.0,6.1,4
-2.9412,129.5088,10.0,4.5,1
-1.0769,127.4296,10.0,4.7,2
3.7563,95.7987,47.513,4.6,3
-4.5228,101.7851,35.0,4.6,3
5.7471,125.9934,101.321,4.5,2
-3.3399,130.9908,10.0,4.7,1
-3.3476,131.1058,21.612,4.5,1
5.7495,126.1932,114.378,4.7,2
2.7785,128.1817,164.01,4.7,2
-4.7863,133.7529,10.0,4.5,1
3.6069,126.7249,52.739,4.7,2
4.8966,126.1748,98.963,4.7,2
-4.9485,102.8488,64.828,4.5,3
2.3199,126.9463,35.0,4.7,2
-5.7699,107.4653,305.845,4.9,4
-7.6107,106.5374,38.155,4.9,3
-0.4097,99.0961,52.487,4.5,3
-3.674,101.0161,35.0,4.7,3
1.8848,127.163,107.508,4.9,2
5.8112,126.5377,101.61,4.9,2
2.2083,97.9939,77.279,4.5,3
-0.1377,125.1625,46.11,5.1,2
-4.904,101.6248,35.0,4.7,3
-7.5124,128.4775,96.609,4.9,1
-3.2523,139.1898,10.0,4.5,1
5.9769,125.9122,147.032,4.6,2
0.4909,119.9077,62.475,5.2,0
3.5772,127.8858,79.634,4.8,2
0.3682,121.0182,107.402,4.6,2
-1.1774,127.4529,16.0,5.8,0
-1.0647,127.2787,10.0,4.5,2
-1.1704,127.2159,10.0,4.8,2
-1.1131,127.352,10.0,4.8,2
-1.0987,127.4191,10.0,5.1,2
-1.0739,127.5442,10.0,4.5,2
-7.5212,127.9598,142.042,4.5,1
-1.177,127.3252,10.0,5.6,0
-1.1526,127.2649,10.0,5.0,2
-1.2346,127.2704,10.0,5.0,2
-1.138,127.3953,10.0,5.0,2
-1.1539,127.3576,10.0,4.7,2
-1.1008,127.443,10.0,4.5,2
-6.0452,130.3336,10.0,5.1,1
1.1056,127.1048,160.006,4.5,2
-7.8597,108.2882,96.919,4.7,3
-1.0605,127.3641,10.0,4.9,2
5.6923,126.344,10.0,4.5,2
3.1075,128.2465,85.428,4.6,2
-2.3984,134.1974,46.99,4.9,1
-7.1135,129.1749,183.084,4.6,1
-8.4236,119.858,179.386,4.6,1
-1.0928,127.2642,10.0,4.6,2
-1.0828,127.3464,10.0,4.8,2
5.7151,126.5679,32.832,4.6,2
-1.9279,137.4524,10.0,4.7,1
-7.1454,125.7502,484.187,4.8,4
1.8348,126.855,108.244,4.7,2
1.5367,97.0761,37.266,4.8,3
4.8018,96.0583,10.0,4.6,3
-2.9507,129.7521,10.0,4.8,1
4.6729,127.508,111.067,4.6,2
-9.249,108.9052,24.387,4.7,3
-9.3289,108.8595,10.0,4.6,3
-2.713,139.4168,32.937,4.9,1
-0.5287,125.852,37.961,5.1,2
-6.2274,103.6412,38.191,4.8,3
0.4689,126.6045,54.404,4.6,2
-7.5443,126.7189,251.124,4.9,1
-2.2767,99.6667,10.0,4.5,3
-8.8571,110.2221,100.629,4.5,3
-7.4375,128.1796,156.562,4.5,1
-3.3482,139.9157,93.05,4.6,1
-7.3847,128.9758,117.804,4.5,1
-4.6843,128.3742,269.174,4.5,1
0.9901,121.1379,57.398,4.9,2
-0.8006,134.4506,24.139,4.6,2
-4.7329,137.7671,16.647,4.9,1
-4.9172,132.0496,10.0,5.0,1
-4.9353,132.0487,10.0,5.1,1
-6.955,129.6486,133.249,4.9,1
1.4406,126.8457,115.787,4.6,2
-4.957,132.1086,22.782,5.0,1
-5.404,125.7974,517.961,5.0,4
5.6605,126.5877,10.0,4.5,2
-3.2538,123.3877,10.0,4.7,1
-3.1717,123.4898,17.803,4.6,1
0.5861,126.1349,34.193,5.2,0
-8.2506,107.8746,82.375,4.9,3
-5.0587,102.2493,18.592,4.9,3
-0.2281,127.0888,38.646,4.7,2
-6.0117,104.3629,92.099,5.1,3
0.476,126.7461,66.17,4.6,2
-6.252,129.7799,10.0,4.6,1
1.4242,98.3549,75.127,4.9,3
-0.0453,99.5357,96.702,4.5,3
0.7672,126.0316,40.002,4.9,2
-1.7787,139.4504,10.0,4.8,1
-9.4678,113.8784,48.28,4.5,1
-8.1086,107.4066,48.061,4.6,3
-8.8591,122.0598,105.516,4.5,1
-0.0901,124.2163,10.0,4.5,2
-2.32,138.9634,35.773,5.2,0
-7.9299,122.9502,237.307,4.6,1
2.5891,128.2336,68.892,5.1,2
0.4742,126.6396,56.986,4.5,2
-0.0408,123.9169,100.713,4.8,2
0.3333,122.1695,142.925,4.5,2
2.2558,128.0003,170.426,4.5,2
-0.1185,130.1043,10.0,4.5,2
5.5052,126.9072,85.727,4.6,2
-7.5685,127.8432,175.47,4.9,1
4.3722,126.1791,79.965,4.5,2
-2.903,129.3838,10.0,5.0,1
-3.8465,100.528,10.0,4.6,3
-7.6434,104.8551,10.0,4.7,3
-0.2825,124.1508,72.014,4.5,2
4.631,127.7829,133.592,4.6,2
-2.6122,136.7339,37.504,4.5,1
-3.021,128.7256,19.026,4.5,1
0.7888,126.2119,48.096,4.5,2
-2.8659,129.3796,10.0,4.7,1
-7.9808,107.0044,22.973,4.6,3
-9.5851,110.239,10.0,4.5,3
4.8557,126.4225,14.196,5.1,2
4.8923,95.8234,10.0,4.5,3
-6.6121,129.8957,162.459,4.5,1
-3.0968,136.83,42.997,4.5,1
1.5039,121.1742,32.854,5.5,0
-1.6653,138.8321,35.0,4.7,2
-7.1851,107.5645,6.878,4.6,3
-2.0394,115.1041,10.0,4.8,3
-7.6812,128.3466,89.999,4.5,1
-0.3254,99.2046,60.168,4.7,3
-2.1059,124.4895,10.0,5.1,2
1.4964,126.543,51.647,4.6,2
1.2221,126.3376,36.878,5.0,2
-6.9846,125.2746,521.687,4.6,4
1.8541,122.9907,10.0,4.9,2
-0.6079,129.8244,10.0,4.7,2
-3.7336,101.5622,50.228,4.5,3
-6.6387,103.9098,35.0,5.1,3
-0.963,99.5789,74.538,4.8,3
-4.7938,130.2095,20.654,4.5,1
3.8052,127.9545,148.248,4.7,2
5.7054,127.3562,35.0,4.8,2
5.6886,126.181,113.273,4.5,2
-4.3369,102.6968,68.478,5.1,3
-7.1593,129.7249,139.638,4.6,1
-0.8133,99.4219,10.0,4.8,3
-6.933,129.7899,155.44,4.5,1
-1.169,128.9661,10.0,4.8,2
1.5829,126.5578,36.664,5.2,2
-3.1666,130.8584,10.0,4.5,1
-8.0013,117.8225,10.0,4.8,1
-2.8912,137.4506,54.082,4.5,1
1.7934,128.1566,123.604,4.5,2
-1.2187,99.8064,57.78,5.1,3
-7.885,121.0755,10.0,4.8,1
-3.8297,129.3035,24.808,5.5,0
5.1686,127.4188,138.792,5.0,2
-7.5539,127.7469,151.929,4.6,1
-6.7821,130.2227,128.765,5.2,1
-6.2108,133.129,10.0,4.5,1
-6.3743,130.2604,158.689,4.5,1
-0.9215,98.9675,27.553,4.6,3
-2.2551,128.1623,10.0,4.6,1
-6.3731,130.2604,153.71,4.6,1
5.6191,127.0599,74.798,4.8,2
3.6954,126.5443,35.0,4.6,2
-3.5948,126.8501,10.0,4.8,1
-6.4479,105.0901,54.956,5.0,3
-6.9992,131.8226,10.0,5.0,1
5.7996,127.2143,66.393,4.9,2
3.9895,125.8551,159.186,4.9,2
-7.0873,131.8732,10.0,4.5,1
-3.5787,127.0338,10.0,4.5,1
-0.1224,125.1272,54.088,4.8,2
3.3742,126.6274,46.888,4.9,2
-9.262,106.6736,10.0,4.9,3
-10.9029,112.452,10.0,4.9,1
-7.212,124.513,511.843,4.5,4
2.6116,126.3472,70.557,4.8,2
1.679,127.2885,116.434,4.5,2
-0.4362,123.4462,62.86,4.6,2
-2.7051,99.6841,10.0,4.5,3
-2.6176,99.7672,10.0,4.6,3
-1.6855,127.8466,10.0,4.6,2
1.2293,126.1709,48.391,4.8,2
2.0409,126.445,57.539,4.5,2
3.2544,123.1875,480.874,4.7,4
-5.1526,102.4081,34.713,4.5,3
0.2717,122.0891,141.554,4.6,2
